0 verbose cli /.sprite/languages/node/nvm/versions/node/v24.18.0/bin/node /.sprite/languages/node/nvm/versions/node/v24.18.0/bin/npm
1 info using npm@12.0.2
2 info using node@v24.18.0
3 silly config load:file:/.sprite/languages/node/nvm/versions/node/v24.18.0/lib/node_modules/npm/npmrc
4 silly config load:file:/home/sprite/.npmrc
5 silly config load:file:/.sprite/languages/node/nvm/versions/node/v24.18.0/etc/npmrc
6 verbose title npm install
7 verbose argv "install"
8 verbose logfile logs-max:10 dir:/home/sprite/.npm/_logs/2026-09-14T16_13_04_848Z-
9 verbose logfile /home/sprite/.npm/_logs/2026-09-14T16_13_04_848Z-debug-0.log
10 silly logfile done cleaning log files
11 silly packumentCache heap:2348810240 maxSize:587202560 maxEntrySize:293601280
12 silly idealTree buildDeps
13 silly fetch manifest @tanstack/react-router@^1.170.18
14 silly packumentCache full:https://registry.npmjs.org/@tanstack%2freact-router cache-miss
15 http fetch GET 200 https://registry.npmjs.org/@tanstack%2freact-router 265ms (cache miss)
16 silly packumentCache full:https://registry.npmjs.org/@tanstack%2freact-router set size:undefined disposed:false
17 silly fetch manifest react@^19.2.8
18 silly packumentCache full:https://registry.npmjs.org/react cache-miss
19 http cache https://registry.npmjs.org/react 39ms (cache hit)
20 silly packumentCache full:https://registry.npmjs.org/react set size:6977664 disposed:false
21 silly fetch manifest react-dom@^19.2.8
22 silly packumentCache full:https://registry.npmjs.org/react-dom cache-miss
23 http fetch GET 200 https://registry.npmjs.org/react-dom 240ms (cache miss)
24 silly packumentCache full:https://registry.npmjs.org/react-dom set size:undefined disposed:false
25 silly fetch manifest @tailwindcss/vite@^4.3.3
26 silly packumentCache full:https://registry.npmjs.org/@tailwindcss%2fvite cache-miss
27 http fetch GET 200 https://registry.npmjs.org/@tailwindcss%2fvite 134ms (cache miss)
28 silly packumentCache full:https://registry.npmjs.org/@tailwindcss%2fvite set size:undefined disposed:false
29 silly fetch manifest vite@^8.1.5
30 silly packumentCache full:https://registry.npmjs.org/vite cache-miss
31 http fetch GET 200 https://registry.npmjs.org/vite 1440ms (cache miss)
32 silly packumentCache full:https://registry.npmjs.org/vite set size:undefined disposed:false
33 silly fetch manifest @types/node@^20.19.0 || >=22.12.0
34 silly packumentCache full:https://registry.npmjs.org/@types%2fnode cache-miss
35 http fetch GET 200 https://registry.npmjs.org/@types%2fnode 267ms (cache miss)
36 silly packumentCache full:https://registry.npmjs.org/@types%2fnode set size:undefined disposed:false
37 silly fetch manifest @vitejs/devtools@^0.7.1
38 silly packumentCache full:https://registry.npmjs.org/@vitejs%2fdevtools cache-miss
39 http cache https://registry.npmjs.org/@vitejs%2fdevtools 6ms (cache hit)
40 silly packumentCache full:https://registry.npmjs.org/@vitejs%2fdevtools set size:317862 disposed:false
41 silly fetch manifest @vitejs/devtools-oxc@^0.7.3
42 silly packumentCache full:https://registry.npmjs.org/@vitejs%2fdevtools-oxc cache-miss
43 http fetch GET 200 https://registry.npmjs.org/@vitejs%2fdevtools-oxc 44ms (cache miss)
44 silly packumentCache full:https://registry.npmjs.org/@vitejs%2fdevtools-oxc set size:undefined disposed:false
45 silly fetch manifest @vitejs/devtools-rolldown@^0.7.3
46 silly packumentCache full:https://registry.npmjs.org/@vitejs%2fdevtools-rolldown cache-miss
47 http fetch GET 200 https://registry.npmjs.org/@vitejs%2fdevtools-rolldown 60ms (cache miss)
48 silly packumentCache full:https://registry.npmjs.org/@vitejs%2fdevtools-rolldown set size:undefined disposed:false
49 silly fetch manifest @vitejs/devtools-vite@^0.7.3
50 silly packumentCache full:https://registry.npmjs.org/@vitejs%2fdevtools-vite cache-miss
51 http cache https://registry.npmjs.org/@vitejs%2fdevtools-vite 7ms (cache hit)
52 silly packumentCache full:https://registry.npmjs.org/@vitejs%2fdevtools-vite set size:157753 disposed:false
53 silly fetch manifest @vitejs/devtools-vitest@^0.7.3
54 silly packumentCache full:https://registry.npmjs.org/@vitejs%2fdevtools-vitest cache-miss
55 http fetch GET 200 https://registry.npmjs.org/@vitejs%2fdevtools-vitest 41ms (cache miss)
56 silly packumentCache full:https://registry.npmjs.org/@vitejs%2fdevtools-vitest set size:undefined disposed:false
57 silly fetch manifest vitest@*
58 silly packumentCache full:https://registry.npmjs.org/vitest cache-miss
59 http fetch GET 200 https://registry.npmjs.org/vitest 121ms (cache miss)
60 silly packumentCache full:https://registry.npmjs.org/vitest set size:undefined disposed:false
61 silly fetch manifest @edge-runtime/vm@*
62 silly packumentCache full:https://registry.npmjs.org/@edge-runtime%2fvm cache-miss
63 http fetch GET 200 https://registry.npmjs.org/@edge-runtime%2fvm 52ms (cache miss)
64 silly packumentCache full:https://registry.npmjs.org/@edge-runtime%2fvm set size:undefined disposed:false
65 silly fetch manifest @opentelemetry/api@^1.9.0
66 silly packumentCache full:https://registry.npmjs.org/@opentelemetry%2fapi cache-miss
67 http fetch GET 200 https://registry.npmjs.org/@opentelemetry%2fapi 56ms (cache miss)
68 silly packumentCache full:https://registry.npmjs.org/@opentelemetry%2fapi set size:undefined disposed:false
69 silly fetch manifest @vitest/browser-playwright@5.0.0
70 silly packumentCache full:https://registry.npmjs.org/@vitest%2fbrowser-playwright cache-miss
71 http fetch GET 200 https://registry.npmjs.org/@vitest%2fbrowser-playwright 45ms (cache miss)
72 silly packumentCache full:https://registry.npmjs.org/@vitest%2fbrowser-playwright set size:undefined disposed:false
73 silly fetch manifest playwright@*
74 silly packumentCache full:https://registry.npmjs.org/playwright cache-miss
75 http fetch GET 200 https://registry.npmjs.org/playwright 361ms (cache miss)
76 silly packumentCache full:https://registry.npmjs.org/playwright set size:undefined disposed:false
77 silly fetch manifest @vitest/browser-preview@5.0.0
78 silly packumentCache full:https://registry.npmjs.org/@vitest%2fbrowser-preview cache-miss
79 http fetch GET 200 https://registry.npmjs.org/@vitest%2fbrowser-preview 45ms (cache miss)
80 silly packumentCache full:https://registry.npmjs.org/@vitest%2fbrowser-preview set size:undefined disposed:false
81 silly fetch manifest @vitest/browser-webdriverio@^5.0.0-beta.5 || >=5.0.0
82 silly packumentCache full:https://registry.npmjs.org/@vitest%2fbrowser-webdriverio cache-miss
83 http fetch GET 200 https://registry.npmjs.org/@vitest%2fbrowser-webdriverio 41ms (cache miss)
84 silly packumentCache full:https://registry.npmjs.org/@vitest%2fbrowser-webdriverio set size:undefined disposed:false
85 silly fetch manifest webdriverio@*
86 silly packumentCache full:https://registry.npmjs.org/webdriverio cache-miss
87 http fetch GET 200 https://registry.npmjs.org/webdriverio 133ms (cache miss)
88 silly packumentCache full:https://registry.npmjs.org/webdriverio set size:undefined disposed:false
89 silly fetch manifest puppeteer-core@>=22.x <=24.x
90 silly packumentCache full:https://registry.npmjs.org/puppeteer-core cache-miss
91 http fetch GET 200 https://registry.npmjs.org/puppeteer-core 104ms (cache miss)
92 silly packumentCache full:https://registry.npmjs.org/puppeteer-core set size:undefined disposed:false
93 silly fetch manifest @vitest/coverage-istanbul@5.0.0
94 silly packumentCache full:https://registry.npmjs.org/@vitest%2fcoverage-istanbul cache-miss
95 http fetch GET 200 https://registry.npmjs.org/@vitest%2fcoverage-istanbul 59ms (cache miss)
96 silly packumentCache full:https://registry.npmjs.org/@vitest%2fcoverage-istanbul set size:undefined disposed:false
97 silly fetch manifest @vitest/coverage-v8@5.0.0
98 silly packumentCache full:https://registry.npmjs.org/@vitest%2fcoverage-v8 cache-miss
99 http fetch GET 200 https://registry.npmjs.org/@vitest%2fcoverage-v8 53ms (cache miss)
100 silly packumentCache full:https://registry.npmjs.org/@vitest%2fcoverage-v8 set size:undefined disposed:false
101 silly fetch manifest @vitest/browser@5.0.0
102 silly packumentCache full:https://registry.npmjs.org/@vitest%2fbrowser cache-miss
103 http fetch GET 200 https://registry.npmjs.org/@vitest%2fbrowser 77ms (cache miss)
104 silly packumentCache full:https://registry.npmjs.org/@vitest%2fbrowser set size:undefined disposed:false
105 silly fetch manifest @vitest/ui@5.0.0
106 silly packumentCache full:https://registry.npmjs.org/@vitest%2fui cache-miss
107 http fetch GET 200 https://registry.npmjs.org/@vitest%2fui 89ms (cache miss)
108 silly packumentCache full:https://registry.npmjs.org/@vitest%2fui set size:undefined disposed:false
109 silly fetch manifest happy-dom@*
110 silly packumentCache full:https://registry.npmjs.org/happy-dom cache-miss
111 http fetch GET 200 https://registry.npmjs.org/happy-dom 96ms (cache miss)
112 silly packumentCache full:https://registry.npmjs.org/happy-dom set size:undefined disposed:false
113 silly fetch manifest jsdom@*
114 silly packumentCache full:https://registry.npmjs.org/jsdom cache-miss
115 http fetch GET 200 https://registry.npmjs.org/jsdom 66ms (cache miss)
116 silly packumentCache full:https://registry.npmjs.org/jsdom set size:undefined disposed:false
117 silly fetch manifest canvas@^3.2.3
118 silly packumentCache full:https://registry.npmjs.org/canvas cache-miss
119 http fetch GET 200 https://registry.npmjs.org/canvas 39ms (cache miss)
120 silly packumentCache full:https://registry.npmjs.org/canvas set size:undefined disposed:false
121 silly fetch manifest esbuild@^0.27.0 || ^0.28.0
122 silly packumentCache full:https://registry.npmjs.org/esbuild cache-miss
123 http fetch GET 200 https://registry.npmjs.org/esbuild 102ms (cache miss)
124 silly packumentCache full:https://registry.npmjs.org/esbuild set size:undefined disposed:false
125 silly fetch manifest jiti@>=1.21.0
126 silly packumentCache full:https://registry.npmjs.org/jiti cache-miss
127 http fetch GET 200 https://registry.npmjs.org/jiti 46ms (cache miss)
128 silly packumentCache full:https://registry.npmjs.org/jiti set size:undefined disposed:false
129 silly fetch manifest less@^4.0.0
130 silly packumentCache full:https://registry.npmjs.org/less cache-miss
131 http fetch GET 200 https://registry.npmjs.org/less 35ms (cache miss)
132 silly packumentCache full:https://registry.npmjs.org/less set size:undefined disposed:false
133 silly fetch manifest sass@^1.70.0
134 silly packumentCache full:https://registry.npmjs.org/sass cache-miss
135 http fetch GET 200 https://registry.npmjs.org/sass 52ms (cache miss)
136 silly packumentCache full:https://registry.npmjs.org/sass set size:undefined disposed:false
137 silly fetch manifest sass-embedded@^1.70.0
138 silly packumentCache full:https://registry.npmjs.org/sass-embedded cache-miss
139 http fetch GET 200 https://registry.npmjs.org/sass-embedded 37ms (cache miss)
140 silly packumentCache full:https://registry.npmjs.org/sass-embedded set size:undefined disposed:false
141 silly fetch manifest stylus@>=0.54.8
142 silly packumentCache full:https://registry.npmjs.org/stylus cache-miss
143 http fetch GET 200 https://registry.npmjs.org/stylus 44ms (cache miss)
144 silly packumentCache full:https://registry.npmjs.org/stylus set size:undefined disposed:false
145 silly fetch manifest sugarss@^5.0.0
146 silly packumentCache full:https://registry.npmjs.org/sugarss cache-miss
147 http fetch GET 200 https://registry.npmjs.org/sugarss 26ms (cache miss)
148 silly packumentCache full:https://registry.npmjs.org/sugarss set size:undefined disposed:false
149 silly fetch manifest postcss@^8.3.3
150 silly packumentCache full:https://registry.npmjs.org/postcss cache-miss
151 http fetch GET 200 https://registry.npmjs.org/postcss 99ms (cache miss)
152 silly packumentCache full:https://registry.npmjs.org/postcss set size:undefined disposed:false
153 silly fetch manifest terser@^5.16.0
154 silly packumentCache full:https://registry.npmjs.org/terser cache-miss
155 http fetch GET 200 https://registry.npmjs.org/terser 65ms (cache miss)
156 silly packumentCache full:https://registry.npmjs.org/terser set size:undefined disposed:false
157 silly fetch manifest tsx@^4.8.1
158 silly packumentCache full:https://registry.npmjs.org/tsx cache-miss
159 http cache https://registry.npmjs.org/tsx 10ms (cache hit)
160 silly packumentCache full:https://registry.npmjs.org/tsx set size:344351 disposed:false
161 silly fetch manifest yaml@^2.4.2
162 silly packumentCache full:https://registry.npmjs.org/yaml cache-miss
163 http fetch GET 200 https://registry.npmjs.org/yaml 46ms (cache miss)
164 silly packumentCache full:https://registry.npmjs.org/yaml set size:undefined disposed:false
165 silly fetch manifest @tanstack/router-plugin@^1.168.23
166 silly packumentCache full:https://registry.npmjs.org/@tanstack%2frouter-plugin cache-miss
167 http fetch GET 200 https://registry.npmjs.org/@tanstack%2frouter-plugin 285ms (cache miss)
168 silly packumentCache full:https://registry.npmjs.org/@tanstack%2frouter-plugin set size:undefined disposed:false
169 silly fetch manifest @rsbuild/core@>=1.0.2 || ^2.0.0
170 silly packumentCache full:https://registry.npmjs.org/@rsbuild%2fcore cache-miss
171 http fetch GET 200 https://registry.npmjs.org/@rsbuild%2fcore 109ms (cache miss)
172 silly packumentCache full:https://registry.npmjs.org/@rsbuild%2fcore set size:undefined disposed:false
173 silly fetch manifest core-js@>= 3.0.0
174 silly packumentCache full:https://registry.npmjs.org/core-js cache-miss
175 http fetch GET 200 https://registry.npmjs.org/core-js 60ms (cache miss)
176 silly packumentCache full:https://registry.npmjs.org/core-js set size:undefined disposed:false
177 silly fetch manifest vite-plugin-solid@^2.11.10 || ^3.0.0-0
178 silly packumentCache full:https://registry.npmjs.org/vite-plugin-solid cache-miss
179 http fetch GET 200 https://registry.npmjs.org/vite-plugin-solid 46ms (cache miss)
180 silly packumentCache full:https://registry.npmjs.org/vite-plugin-solid set size:undefined disposed:false
181 silly fetch manifest @testing-library/jest-dom@^5.16.6 || ^5.17.0 || ^6.0.0 || ^7.0.0
182 silly packumentCache full:https://registry.npmjs.org/@testing-library%2fjest-dom cache-miss
183 http fetch GET 200 https://registry.npmjs.org/@testing-library%2fjest-dom 71ms (cache miss)
184 silly packumentCache full:https://registry.npmjs.org/@testing-library%2fjest-dom set size:undefined disposed:false
185 silly fetch manifest @testing-library/dom@>=10 <11
186 silly packumentCache full:https://registry.npmjs.org/@testing-library%2fdom cache-miss
187 http fetch GET 200 https://registry.npmjs.org/@testing-library%2fdom 71ms (cache miss)
188 silly packumentCache full:https://registry.npmjs.org/@testing-library%2fdom set size:undefined disposed:false
189 silly fetch manifest solid-js@^1.7.2
190 silly packumentCache full:https://registry.npmjs.org/solid-js cache-miss
191 http fetch GET 200 https://registry.npmjs.org/solid-js 90ms (cache miss)
192 silly packumentCache full:https://registry.npmjs.org/solid-js set size:undefined disposed:false
193 silly fetch manifest webpack@>=5.92.0
194 silly packumentCache full:https://registry.npmjs.org/webpack cache-miss
195 http fetch GET 200 https://registry.npmjs.org/webpack 181ms (cache miss)
196 silly packumentCache full:https://registry.npmjs.org/webpack set size:undefined disposed:false
197 silly fetch manifest @types/react@^19.2.17
198 silly packumentCache full:https://registry.npmjs.org/@types%2freact cache-miss
199 http fetch GET 200 https://registry.npmjs.org/@types%2freact 177ms (cache miss)
200 silly packumentCache full:https://registry.npmjs.org/@types%2freact set size:undefined disposed:false
201 silly fetch manifest @types/react-dom@^19.2.3
202 silly packumentCache full:https://registry.npmjs.org/@types%2freact-dom cache-miss
203 http fetch GET 200 https://registry.npmjs.org/@types%2freact-dom 66ms (cache miss)
204 silly packumentCache full:https://registry.npmjs.org/@types%2freact-dom set size:undefined disposed:false
205 silly fetch manifest @vitejs/plugin-react@^5.2.0
206 silly packumentCache full:https://registry.npmjs.org/@vitejs%2fplugin-react cache-miss
207 http fetch GET 200 https://registry.npmjs.org/@vitejs%2fplugin-react 57ms (cache miss)
208 silly packumentCache full:https://registry.npmjs.org/@vitejs%2fplugin-react set size:undefined disposed:false
209 silly fetch manifest tailwindcss@^4.3.3
210 silly packumentCache full:https://registry.npmjs.org/tailwindcss cache-miss
211 http fetch GET 200 https://registry.npmjs.org/tailwindcss 276ms (cache miss)
212 silly packumentCache full:https://registry.npmjs.org/tailwindcss set size:undefined disposed:false
213 silly fetch manifest typescript@^5.9.3
214 silly packumentCache full:https://registry.npmjs.org/typescript cache-miss
215 http fetch GET 200 https://registry.npmjs.org/typescript 387ms (cache miss)
216 silly packumentCache full:https://registry.npmjs.org/typescript set size:undefined disposed:false
217 silly placeDep ROOT @tailwindcss/vite@4.3.3 OK for: app@0.0.0 want: ^4.3.3
218 silly placeDep ROOT vite@8.3.0 OK for: @tailwindcss/vite@4.3.3 want: ^5.2.0 || ^6 || ^7 || ^8
219 silly placeDep ROOT @tanstack/react-router@1.170.36 OK for: app@0.0.0 want: ^1.170.18
220 silly placeDep ROOT react@19.3.0 OK for: @tanstack/react-router@1.170.36 want: >=18.0.0 || >=19.0.0
221 silly placeDep ROOT react-dom@19.3.0 OK for: @tanstack/react-router@1.170.36 want: >=18.0.0 || >=19.0.0
222 silly placeDep ROOT @tanstack/router-plugin@1.168.38 OK for: app@0.0.0 want: ^1.168.23
223 silly placeDep ROOT @types/react@19.3.0 OK for: app@0.0.0 want: ^19.2.17
224 silly placeDep ROOT @types/react-dom@19.3.0 OK for: app@0.0.0 want: ^19.2.3
225 silly placeDep ROOT @vitejs/plugin-react@5.2.0 OK for: app@0.0.0 want: ^5.2.0
226 silly placeDep ROOT tailwindcss@4.3.3 OK for: app@0.0.0 want: ^4.3.3
227 silly placeDep ROOT typescript@5.9.3 OK for: app@0.0.0 want: ^5.9.3
228 silly fetch manifest tailwindcss@4.3.3
229 silly packumentCache full:https://registry.npmjs.org/tailwindcss cache-miss
230 silly fetch manifest @tailwindcss/node@4.3.3
231 silly packumentCache full:https://registry.npmjs.org/@tailwindcss%2fnode cache-miss
232 silly fetch manifest @tailwindcss/oxide@4.3.3
233 silly packumentCache full:https://registry.npmjs.org/@tailwindcss%2foxide cache-miss
234 silly fetch manifest postcss@^8.5.28
235 silly packumentCache full:https://registry.npmjs.org/postcss cache-miss
236 silly fetch manifest rolldown@~1.2.6
237 silly packumentCache full:https://registry.npmjs.org/rolldown cache-miss
238 silly fetch manifest picomatch@^4.0.7
239 silly packumentCache full:https://registry.npmjs.org/picomatch cache-miss
240 silly fetch manifest tinyglobby@^0.2.17
241 silly packumentCache full:https://registry.npmjs.org/tinyglobby cache-miss
242 http cache https://registry.npmjs.org/postcss 76ms (cache hit)
243 silly packumentCache full:https://registry.npmjs.org/postcss set size:766699 disposed:false
244 silly fetch manifest lightningcss@^1.33.0
245 silly packumentCache full:https://registry.npmjs.org/lightningcss cache-miss
246 http cache https://registry.npmjs.org/tailwindcss 120ms (cache hit)
247 silly packumentCache full:https://registry.npmjs.org/tailwindcss set size:10879261 disposed:false
248 silly fetch manifest fsevents@~2.3.3
249 silly packumentCache full:https://registry.npmjs.org/fsevents cache-miss
250 http fetch GET 200 https://registry.npmjs.org/tinyglobby 296ms (cache miss)
251 silly packumentCache full:https://registry.npmjs.org/tinyglobby set size:undefined disposed:false
252 silly fetch manifest isbot@^5.1.22
253 silly packumentCache full:https://registry.npmjs.org/isbot cache-miss
254 http fetch GET 200 https://registry.npmjs.org/fsevents 87ms (cache miss)
255 silly packumentCache full:https://registry.npmjs.org/fsevents set size:undefined disposed:false
256 silly fetch manifest @tanstack/history@1.162.4
257 silly packumentCache full:https://registry.npmjs.org/@tanstack%2fhistory cache-miss
258 http fetch GET 200 https://registry.npmjs.org/picomatch 337ms (cache miss)
259 silly packumentCache full:https://registry.npmjs.org/picomatch set size:undefined disposed:false
260 silly fetch manifest @tanstack/react-store@^0.11.0
261 silly packumentCache full:https://registry.npmjs.org/@tanstack%2freact-store cache-miss
262 http fetch GET 200 https://registry.npmjs.org/lightningcss 298ms (cache miss)
263 silly packumentCache full:https://registry.npmjs.org/lightningcss set size:undefined disposed:false
264 silly fetch manifest @tanstack/router-core@1.171.30
265 silly packumentCache full:https://registry.npmjs.org/@tanstack%2frouter-core cache-miss
266 http fetch GET 200 https://registry.npmjs.org/@tanstack%2freact-store 109ms (cache miss)
267 silly packumentCache full:https://registry.npmjs.org/@tanstack%2freact-store set size:undefined disposed:false
268 silly fetch manifest scheduler@^0.28.0
269 silly packumentCache full:https://registry.npmjs.org/scheduler cache-miss
270 http fetch GET 200 https://registry.npmjs.org/@tanstack%2fhistory 177ms (cache miss)
271 silly packumentCache full:https://registry.npmjs.org/@tanstack%2fhistory set size:undefined disposed:false
272 silly fetch manifest zod@^4.5.4
273 silly packumentCache full:https://registry.npmjs.org/zod cache-miss
274 http fetch GET 200 https://registry.npmjs.org/isbot 195ms (cache miss)
275 silly packumentCache full:https://registry.npmjs.org/isbot set size:undefined disposed:false
276 silly fetch manifest chokidar@^5.0.0
277 silly packumentCache full:https://registry.npmjs.org/chokidar cache-miss
278 http cache https://registry.npmjs.org/chokidar 25ms (cache hit)
279 silly packumentCache full:https://registry.npmjs.org/chokidar set size:255902 disposed:false
280 silly fetch manifest unplugin@^3.3.0
281 silly packumentCache full:https://registry.npmjs.org/unplugin cache-miss
282 http fetch GET 200 https://registry.npmjs.org/@tailwindcss%2fnode 545ms (cache miss)
283 silly packumentCache full:https://registry.npmjs.org/@tailwindcss%2fnode set size:undefined disposed:false
284 silly fetch manifest @babel/core@^7.29.7
285 silly packumentCache full:https://registry.npmjs.org/@babel%2fcore cache-miss
286 http cache https://registry.npmjs.org/unplugin 88ms (cache hit)
287 silly packumentCache full:https://registry.npmjs.org/unplugin set size:411824 disposed:false
288 silly fetch manifest @babel/types@^7.29.8
289 silly packumentCache full:https://registry.npmjs.org/@babel%2ftypes cache-miss
290 http fetch GET 200 https://registry.npmjs.org/@tanstack%2frouter-core 361ms (cache miss)
291 silly packumentCache full:https://registry.npmjs.org/@tanstack%2frouter-core set size:undefined disposed:false
292 silly fetch manifest @babel/template@^7.29.7
293 silly packumentCache full:https://registry.npmjs.org/@babel%2ftemplate cache-miss
294 http fetch GET 200 https://registry.npmjs.org/@babel%2fcore 225ms (cache miss)
295 silly packumentCache full:https://registry.npmjs.org/@babel%2fcore set size:undefined disposed:false
296 silly fetch manifest @tanstack/router-utils@1.162.3
297 silly packumentCache full:https://registry.npmjs.org/@tanstack%2frouter-utils cache-miss
298 http cache https://registry.npmjs.org/@babel%2ftemplate 32ms (cache hit)
299 silly packumentCache full:https://registry.npmjs.org/@babel%2ftemplate set size:237074 disposed:false
300 silly fetch manifest @tanstack/router-generator@1.167.36
301 silly packumentCache full:https://registry.npmjs.org/@tanstack%2frouter-generator cache-miss
302 http fetch GET 200 https://registry.npmjs.org/@babel%2ftypes 177ms (cache miss)
303 silly packumentCache full:https://registry.npmjs.org/@babel%2ftypes set size:undefined disposed:false
304 silly fetch manifest csstype@^3.2.2
305 silly packumentCache full:https://registry.npmjs.org/csstype cache-miss
306 http cache https://registry.npmjs.org/@tanstack%2frouter-utils 29ms (cache hit)
307 silly packumentCache full:https://registry.npmjs.org/@tanstack%2frouter-utils set size:148723 disposed:false
308 silly fetch manifest @babel/core@^7.29.0
309 silly packumentCache full:https://registry.npmjs.org/@babel%2fcore cache-miss
310 http cache https://registry.npmjs.org/csstype 29ms (cache hit)
311 silly packumentCache full:https://registry.npmjs.org/csstype set size:274189 disposed:false
312 silly fetch manifest react-refresh@^0.18.0
313 silly packumentCache full:https://registry.npmjs.org/react-refresh cache-miss
314 http cache https://registry.npmjs.org/@babel%2fcore 32ms (cache hit)
315 silly packumentCache full:https://registry.npmjs.org/@babel%2fcore set size:792733 disposed:false
316 silly fetch manifest @types/babel__core@^7.20.5
317 silly packumentCache full:https://registry.npmjs.org/@types%2fbabel__core cache-miss
318 http fetch GET 200 https://registry.npmjs.org/rolldown 877ms (cache miss)
319 silly packumentCache full:https://registry.npmjs.org/rolldown set size:undefined disposed:false
320 silly fetch manifest @rolldown/pluginutils@1.0.0-rc.3
321 silly packumentCache full:https://registry.npmjs.org/@rolldown%2fpluginutils cache-miss
322 http cache https://registry.npmjs.org/@types%2fbabel__core 47ms (cache hit)
323 silly packumentCache full:https://registry.npmjs.org/@types%2fbabel__core set size:88676 disposed:false
324 silly fetch manifest @babel/plugin-transform-react-jsx-self@^7.27.1
325 silly packumentCache full:https://registry.npmjs.org/@babel%2fplugin-transform-react-jsx-self cache-miss
326 http cache https://registry.npmjs.org/@rolldown%2fpluginutils 26ms (cache hit)
327 silly packumentCache full:https://registry.npmjs.org/@rolldown%2fpluginutils set size:300388 disposed:false
328 silly fetch manifest @babel/plugin-transform-react-jsx-source@^7.27.1
329 silly packumentCache full:https://registry.npmjs.org/@babel%2fplugin-transform-react-jsx-source cache-miss
330 http cache https://registry.npmjs.org/@babel%2fplugin-transform-react-jsx-source 18ms (cache hit)
331 silly packumentCache full:https://registry.npmjs.org/@babel%2fplugin-transform-react-jsx-source set size:205288 disposed:false
332 http fetch GET 200 https://registry.npmjs.org/@tailwindcss%2foxide 966ms (cache miss)
333 silly packumentCache full:https://registry.npmjs.org/@tailwindcss%2foxide set size:undefined disposed:false
334 http fetch GET 200 https://registry.npmjs.org/@babel%2fplugin-transform-react-jsx-self 85ms (cache miss)
335 silly packumentCache full:https://registry.npmjs.org/@babel%2fplugin-transform-react-jsx-self set size:undefined disposed:false
336 http fetch GET 200 https://registry.npmjs.org/@tanstack%2frouter-generator 223ms (cache miss)
337 silly packumentCache full:https://registry.npmjs.org/@tanstack%2frouter-generator set size:undefined disposed:false
338 http fetch GET 200 https://registry.npmjs.org/zod 590ms (cache miss)
339 silly packumentCache full:https://registry.npmjs.org/zod set size:undefined disposed:false
340 http fetch GET 200 https://registry.npmjs.org/scheduler 701ms (cache miss)
341 silly packumentCache full:https://registry.npmjs.org/scheduler set size:undefined disposed:false
342 http fetch GET 200 https://registry.npmjs.org/react-refresh 392ms (cache miss)
343 silly packumentCache full:https://registry.npmjs.org/react-refresh set size:undefined disposed:false
344 silly placeDep ROOT @tailwindcss/node@4.3.3 OK for: @tailwindcss/vite@4.3.3 want: 4.3.3
345 silly placeDep ROOT @tailwindcss/oxide@4.3.3 OK for: @tailwindcss/vite@4.3.3 want: 4.3.3
346 silly fetch manifest jiti@^2.7.0
347 silly packumentCache full:https://registry.npmjs.org/jiti cache-miss
348 silly fetch manifest lightningcss@1.32.0
349 silly packumentCache full:https://registry.npmjs.org/lightningcss cache-miss
350 silly fetch manifest magic-string@^0.30.21
351 silly packumentCache full:https://registry.npmjs.org/magic-string cache-miss
352 silly fetch manifest source-map-js@^1.2.1
353 silly packumentCache full:https://registry.npmjs.org/source-map-js cache-miss
354 silly fetch manifest enhanced-resolve@^5.24.1
355 silly packumentCache full:https://registry.npmjs.org/enhanced-resolve cache-miss
356 silly fetch manifest @jridgewell/remapping@^2.3.5
357 silly packumentCache full:https://registry.npmjs.org/@jridgewell%2fremapping cache-miss
358 silly fetch manifest @tailwindcss/oxide-darwin-x64@4.3.3
359 silly packumentCache full:https://registry.npmjs.org/@tailwindcss%2foxide-darwin-x64 cache-miss
360 http cache https://registry.npmjs.org/source-map-js 16ms (cache hit)
361 silly packumentCache full:https://registry.npmjs.org/source-map-js set size:62640 disposed:false
362 silly fetch manifest @tailwindcss/oxide-freebsd-x64@4.3.3
363 silly packumentCache full:https://registry.npmjs.org/@tailwindcss%2foxide-freebsd-x64 cache-miss
364 http cache https://registry.npmjs.org/lightningcss 20ms (cache hit)
365 silly packumentCache full:https://registry.npmjs.org/lightningcss set size:191065 disposed:false
366 silly fetch manifest @tailwindcss/oxide-wasm32-wasi@4.3.3
367 silly packumentCache full:https://registry.npmjs.org/@tailwindcss%2foxide-wasm32-wasi cache-miss
368 http cache https://registry.npmjs.org/@jridgewell%2fremapping 21ms (cache hit)
369 silly packumentCache full:https://registry.npmjs.org/@jridgewell%2fremapping set size:23809 disposed:false
370 silly fetch manifest @tailwindcss/oxide-darwin-arm64@4.3.3
371 silly packumentCache full:https://registry.npmjs.org/@tailwindcss%2foxide-darwin-arm64 cache-miss
372 http cache https://registry.npmjs.org/jiti 26ms (cache hit)
373 silly packumentCache full:https://registry.npmjs.org/jiti set size:387989 disposed:false
374 silly fetch manifest @tailwindcss/oxide-android-arm64@4.3.3
375 silly packumentCache full:https://registry.npmjs.org/@tailwindcss%2foxide-android-arm64 cache-miss
376 http cache https://registry.npmjs.org/enhanced-resolve 35ms (cache hit)
377 silly packumentCache full:https://registry.npmjs.org/enhanced-resolve set size:492545 disposed:false
378 silly fetch manifest @tailwindcss/oxide-linux-x64-gnu@4.3.3
379 silly packumentCache full:https://registry.npmjs.org/@tailwindcss%2foxide-linux-x64-gnu cache-miss
380 http cache https://registry.npmjs.org/magic-string 48ms (cache hit)
381 silly packumentCache full:https://registry.npmjs.org/magic-string set size:355873 disposed:false
382 silly fetch manifest @tailwindcss/oxide-linux-x64-musl@4.3.3
383 silly packumentCache full:https://registry.npmjs.org/@tailwindcss%2foxide-linux-x64-musl cache-miss
384 http cache https://registry.npmjs.org/@tailwindcss%2foxide-wasm32-wasi 41ms (cache hit)
385 silly packumentCache full:https://registry.npmjs.org/@tailwindcss%2foxide-wasm32-wasi set size:1597796 disposed:false
386 silly fetch manifest @tailwindcss/oxide-win32-x64-msvc@4.3.3
387 silly packumentCache full:https://registry.npmjs.org/@tailwindcss%2foxide-win32-x64-msvc cache-miss
388 http fetch GET 200 https://registry.npmjs.org/@tailwindcss%2foxide-android-arm64 161ms (cache miss)
389 silly packumentCache full:https://registry.npmjs.org/@tailwindcss%2foxide-android-arm64 set size:undefined disposed:false
390 silly fetch manifest @tailwindcss/oxide-linux-arm64-gnu@4.3.3
391 silly packumentCache full:https://registry.npmjs.org/@tailwindcss%2foxide-linux-arm64-gnu cache-miss
392 http fetch GET 200 https://registry.npmjs.org/@tailwindcss%2foxide-darwin-x64 247ms (cache miss)
393 silly packumentCache full:https://registry.npmjs.org/@tailwindcss%2foxide-darwin-x64 set size:undefined disposed:false
394 silly fetch manifest @tailwindcss/oxide-linux-arm64-musl@4.3.3
395 silly packumentCache full:https://registry.npmjs.org/@tailwindcss%2foxide-linux-arm64-musl cache-miss
396 http fetch GET 200 https://registry.npmjs.org/@tailwindcss%2foxide-linux-x64-gnu 275ms (cache miss)
397 silly packumentCache full:https://registry.npmjs.org/@tailwindcss%2foxide-linux-x64-gnu set size:undefined disposed:false
398 silly fetch manifest @tailwindcss/oxide-win32-arm64-msvc@4.3.3
399 silly packumentCache full:https://registry.npmjs.org/@tailwindcss%2foxide-win32-arm64-msvc cache-miss
400 http fetch GET 200 https://registry.npmjs.org/@tailwindcss%2foxide-linux-x64-musl 333ms (cache miss)
401 silly packumentCache full:https://registry.npmjs.org/@tailwindcss%2foxide-linux-x64-musl set size:undefined disposed:false
402 silly fetch manifest @tailwindcss/oxide-linux-arm-gnueabihf@4.3.3
403 silly packumentCache full:https://registry.npmjs.org/@tailwindcss%2foxide-linux-arm-gnueabihf cache-miss
404 http fetch GET 200 https://registry.npmjs.org/@tailwindcss%2foxide-darwin-arm64 385ms (cache miss)
405 silly packumentCache full:https://registry.npmjs.org/@tailwindcss%2foxide-darwin-arm64 set size:undefined disposed:false
406 http fetch GET 200 https://registry.npmjs.org/@tailwindcss%2foxide-freebsd-x64 458ms (cache miss)
407 silly packumentCache full:https://registry.npmjs.org/@tailwindcss%2foxide-freebsd-x64 set size:undefined disposed:false
408 http fetch GET 200 https://registry.npmjs.org/@tailwindcss%2foxide-win32-x64-msvc 442ms (cache miss)
409 silly packumentCache full:https://registry.npmjs.org/@tailwindcss%2foxide-win32-x64-msvc set size:undefined disposed:false
410 http fetch GET 200 https://registry.npmjs.org/@tailwindcss%2foxide-win32-arm64-msvc 229ms (cache miss)
411 silly packumentCache full:https://registry.npmjs.org/@tailwindcss%2foxide-win32-arm64-msvc set size:undefined disposed:false
412 http fetch GET 200 https://registry.npmjs.org/@tailwindcss%2foxide-linux-arm64-gnu 408ms (cache miss)
413 silly packumentCache full:https://registry.npmjs.org/@tailwindcss%2foxide-linux-arm64-gnu set size:undefined disposed:false
414 http fetch GET 200 https://registry.npmjs.org/@tailwindcss%2foxide-linux-arm64-musl 368ms (cache miss)
415 silly packumentCache full:https://registry.npmjs.org/@tailwindcss%2foxide-linux-arm64-musl set size:undefined disposed:false
416 http fetch GET 200 https://registry.npmjs.org/@tailwindcss%2foxide-linux-arm-gnueabihf 274ms (cache miss)
417 silly packumentCache full:https://registry.npmjs.org/@tailwindcss%2foxide-linux-arm-gnueabihf set size:undefined disposed:false
418 silly placeDep ROOT @jridgewell/remapping@2.3.5 OK for: @tailwindcss/node@4.3.3 want: ^2.3.5
419 silly placeDep ROOT enhanced-resolve@5.25.1 OK for: @tailwindcss/node@4.3.3 want: ^5.24.1
420 silly placeDep ROOT jiti@2.7.0 OK for: @tailwindcss/node@4.3.3 want: ^2.7.0
421 silly placeDep ROOT lightningcss@1.32.0 OK for: @tailwindcss/node@4.3.3 want: 1.32.0
422 silly placeDep ROOT magic-string@0.30.21 OK for: @tailwindcss/node@4.3.3 want: ^0.30.21
423 silly placeDep ROOT source-map-js@1.2.1 OK for: @tailwindcss/node@4.3.3 want: ^1.2.1
424 silly fetch manifest @jridgewell/gen-mapping@^0.3.5
425 silly packumentCache full:https://registry.npmjs.org/@jridgewell%2fgen-mapping cache-miss
426 silly fetch manifest @jridgewell/trace-mapping@^0.3.24
427 silly packumentCache full:https://registry.npmjs.org/@jridgewell%2ftrace-mapping cache-miss
428 silly fetch manifest tapable@^2.3.3
429 silly packumentCache full:https://registry.npmjs.org/tapable cache-miss
430 silly fetch manifest graceful-fs@^4.2.4
431 silly packumentCache full:https://registry.npmjs.org/graceful-fs cache-miss
432 silly fetch manifest detect-libc@^2.0.3
433 silly packumentCache full:https://registry.npmjs.org/detect-libc cache-miss
434 silly fetch manifest lightningcss-darwin-x64@1.32.0
435 silly packumentCache full:https://registry.npmjs.org/lightningcss-darwin-x64 cache-miss
436 silly fetch manifest lightningcss-freebsd-x64@1.32.0
437 silly packumentCache full:https://registry.npmjs.org/lightningcss-freebsd-x64 cache-miss
438 http cache https://registry.npmjs.org/detect-libc 18ms (cache hit)
439 silly packumentCache full:https://registry.npmjs.org/detect-libc set size:47861 disposed:false
440 silly fetch manifest lightningcss-darwin-arm64@1.32.0
441 silly packumentCache full:https://registry.npmjs.org/lightningcss-darwin-arm64 cache-miss
442 http cache https://registry.npmjs.org/@jridgewell%2fgen-mapping 25ms (cache hit)
443 silly packumentCache full:https://registry.npmjs.org/@jridgewell%2fgen-mapping set size:75941 disposed:false
444 silly fetch manifest lightningcss-android-arm64@1.32.0
445 silly packumentCache full:https://registry.npmjs.org/lightningcss-android-arm64 cache-miss
446 http cache https://registry.npmjs.org/tapable 26ms (cache hit)
447 silly packumentCache full:https://registry.npmjs.org/tapable set size:141233 disposed:false
448 silly fetch manifest lightningcss-linux-x64-gnu@1.32.0
449 silly packumentCache full:https://registry.npmjs.org/lightningcss-linux-x64-gnu cache-miss
450 http cache https://registry.npmjs.org/graceful-fs 29ms (cache hit)
451 silly packumentCache full:https://registry.npmjs.org/graceful-fs set size:124285 disposed:false
452 silly fetch manifest lightningcss-linux-x64-musl@1.32.0
453 silly packumentCache full:https://registry.npmjs.org/lightningcss-linux-x64-musl cache-miss
454 http cache https://registry.npmjs.org/@jridgewell%2ftrace-mapping 36ms (cache hit)
455 silly packumentCache full:https://registry.npmjs.org/@jridgewell%2ftrace-mapping set size:170909 disposed:false
456 silly fetch manifest lightningcss-win32-x64-msvc@1.32.0
457 silly packumentCache full:https://registry.npmjs.org/lightningcss-win32-x64-msvc cache-miss
458 http cache https://registry.npmjs.org/lightningcss-freebsd-x64 38ms (cache hit)
459 silly packumentCache full:https://registry.npmjs.org/lightningcss-freebsd-x64 set size:44564 disposed:false
460 silly fetch manifest lightningcss-linux-arm64-gnu@1.32.0
461 silly packumentCache full:https://registry.npmjs.org/lightningcss-linux-arm64-gnu cache-miss
462 http cache https://registry.npmjs.org/lightningcss-darwin-x64 42ms (cache hit)
463 silly packumentCache full:https://registry.npmjs.org/lightningcss-darwin-x64 set size:80374 disposed:false
464 silly fetch manifest lightningcss-linux-arm64-musl@1.32.0
465 silly packumentCache full:https://registry.npmjs.org/lightningcss-linux-arm64-musl cache-miss
466 http cache https://registry.npmjs.org/lightningcss-darwin-arm64 35ms (cache hit)
467 silly packumentCache full:https://registry.npmjs.org/lightningcss-darwin-arm64 set size:80970 disposed:false
468 silly fetch manifest lightningcss-win32-arm64-msvc@1.32.0
469 silly packumentCache full:https://registry.npmjs.org/lightningcss-win32-arm64-msvc cache-miss
470 http cache https://registry.npmjs.org/lightningcss-win32-x64-msvc 21ms (cache hit)
471 silly packumentCache full:https://registry.npmjs.org/lightningcss-win32-x64-msvc set size:81347 disposed:false
472 silly fetch manifest lightningcss-linux-arm-gnueabihf@1.32.0
473 silly packumentCache full:https://registry.npmjs.org/lightningcss-linux-arm-gnueabihf cache-miss
474 http cache https://registry.npmjs.org/lightningcss-linux-x64-gnu 34ms (cache hit)
475 silly packumentCache full:https://registry.npmjs.org/lightningcss-linux-x64-gnu set size:81819 disposed:false
476 silly fetch manifest @jridgewell/sourcemap-codec@^1.5.5
477 silly packumentCache full:https://registry.npmjs.org/@jridgewell%2fsourcemap-codec cache-miss
478 http cache https://registry.npmjs.org/lightningcss-linux-arm64-gnu 23ms (cache hit)
479 silly packumentCache full:https://registry.npmjs.org/lightningcss-linux-arm64-gnu set size:82397 disposed:false
480 http cache https://registry.npmjs.org/lightningcss-android-arm64 40ms (cache hit)
481 silly packumentCache full:https://registry.npmjs.org/lightningcss-android-arm64 set size:9371 disposed:false
482 http cache https://registry.npmjs.org/lightningcss-linux-x64-musl 33ms (cache hit)
483 silly packumentCache full:https://registry.npmjs.org/lightningcss-linux-x64-musl set size:82032 disposed:false
484 http cache https://registry.npmjs.org/lightningcss-linux-arm-gnueabihf 17ms (cache hit)
485 silly packumentCache full:https://registry.npmjs.org/lightningcss-linux-arm-gnueabihf set size:82635 disposed:false
486 http cache https://registry.npmjs.org/lightningcss-win32-arm64-msvc 21ms (cache hit)
487 silly packumentCache full:https://registry.npmjs.org/lightningcss-win32-arm64-msvc set size:28346 disposed:false
488 http cache https://registry.npmjs.org/@jridgewell%2fsourcemap-codec 18ms (cache hit)
489 silly packumentCache full:https://registry.npmjs.org/@jridgewell%2fsourcemap-codec set size:65255 disposed:false
490 http fetch GET 200 https://registry.npmjs.org/lightningcss-linux-arm64-musl 98ms (cache miss)
491 silly packumentCache full:https://registry.npmjs.org/lightningcss-linux-arm64-musl set size:undefined disposed:false
492 silly placeDep ROOT @jridgewell/gen-mapping@0.3.13 OK for: @jridgewell/remapping@2.3.5 want: ^0.3.5
493 silly placeDep ROOT @jridgewell/trace-mapping@0.3.31 OK for: @jridgewell/remapping@2.3.5 want: ^0.3.24
494 silly fetch manifest @jridgewell/sourcemap-codec@^1.5.0
495 silly packumentCache full:https://registry.npmjs.org/@jridgewell%2fsourcemap-codec cache-hit
496 silly fetch manifest @jridgewell/resolve-uri@^3.1.0
497 silly packumentCache full:https://registry.npmjs.org/@jridgewell%2fresolve-uri cache-miss
498 silly fetch manifest @jridgewell/sourcemap-codec@^1.4.14
499 silly packumentCache full:https://registry.npmjs.org/@jridgewell%2fsourcemap-codec cache-hit
500 http fetch GET 200 https://registry.npmjs.org/@jridgewell%2fresolve-uri 68ms (cache miss)
501 silly packumentCache full:https://registry.npmjs.org/@jridgewell%2fresolve-uri set size:undefined disposed:false
502 silly placeDep ROOT @jridgewell/sourcemap-codec@1.6.0 OK for: @jridgewell/gen-mapping@0.3.13 want: ^1.5.0
503 silly placeDep ROOT @jridgewell/resolve-uri@3.1.2 OK for: @jridgewell/trace-mapping@0.3.31 want: ^3.1.0
504 silly placeDep ROOT @tailwindcss/oxide-android-arm64@4.3.3 OK for: @tailwindcss/oxide@4.3.3 want: 4.3.3
505 silly placeDep ROOT @tailwindcss/oxide-darwin-arm64@4.3.3 OK for: @tailwindcss/oxide@4.3.3 want: 4.3.3
506 silly placeDep ROOT @tailwindcss/oxide-darwin-x64@4.3.3 OK for: @tailwindcss/oxide@4.3.3 want: 4.3.3
507 silly placeDep ROOT @tailwindcss/oxide-freebsd-x64@4.3.3 OK for: @tailwindcss/oxide@4.3.3 want: 4.3.3
508 silly placeDep ROOT @tailwindcss/oxide-linux-arm-gnueabihf@4.3.3 OK for: @tailwindcss/oxide@4.3.3 want: 4.3.3
509 silly placeDep ROOT @tailwindcss/oxide-linux-arm64-gnu@4.3.3 OK for: @tailwindcss/oxide@4.3.3 want: 4.3.3
510 silly placeDep ROOT @tailwindcss/oxide-linux-arm64-musl@4.3.3 OK for: @tailwindcss/oxide@4.3.3 want: 4.3.3
511 silly placeDep ROOT @tailwindcss/oxide-linux-x64-gnu@4.3.3 OK for: @tailwindcss/oxide@4.3.3 want: 4.3.3
512 silly placeDep ROOT @tailwindcss/oxide-linux-x64-musl@4.3.3 OK for: @tailwindcss/oxide@4.3.3 want: 4.3.3
513 silly placeDep ROOT @tailwindcss/oxide-wasm32-wasi@4.3.3 OK for: @tailwindcss/oxide@4.3.3 want: 4.3.3
514 silly placeDep ROOT @tailwindcss/oxide-win32-arm64-msvc@4.3.3 OK for: @tailwindcss/oxide@4.3.3 want: 4.3.3
515 silly placeDep ROOT @tailwindcss/oxide-win32-x64-msvc@4.3.3 OK for: @tailwindcss/oxide@4.3.3 want: 4.3.3
516 silly fetch manifest react@>=18.0.0 || >=19.0.0
517 silly packumentCache full:https://registry.npmjs.org/react cache-miss
518 http cache https://registry.npmjs.org/react 36ms (cache hit)
519 silly packumentCache full:https://registry.npmjs.org/react set size:6977664 disposed:false
520 silly fetch manifest react-dom@>=18.0.0 || >=19.0.0
521 silly packumentCache full:https://registry.npmjs.org/react-dom cache-miss
522 http cache https://registry.npmjs.org/react-dom 57ms (cache hit)
523 silly packumentCache full:https://registry.npmjs.org/react-dom set size:9393989 disposed:false
524 silly placeDep ROOT @tanstack/history@1.162.4 OK for: @tanstack/react-router@1.170.36 want: 1.162.4
525 silly placeDep ROOT @tanstack/react-store@0.11.1 OK for: @tanstack/react-router@1.170.36 want: ^0.11.0
526 silly placeDep ROOT @tanstack/router-core@1.171.30 OK for: @tanstack/react-router@1.170.36 want: 1.171.30
527 silly placeDep ROOT isbot@5.2.2 OK for: @tanstack/react-router@1.170.36 want: ^5.1.22
528 silly fetch manifest @tanstack/store@0.11.1
529 silly packumentCache full:https://registry.npmjs.org/@tanstack%2fstore cache-miss
530 silly fetch manifest use-sync-external-store@^1.6.0
531 silly packumentCache full:https://registry.npmjs.org/use-sync-external-store cache-miss
532 silly fetch manifest seroval@^1.6.2
533 silly packumentCache full:https://registry.npmjs.org/seroval cache-miss
534 silly fetch manifest cookie-es@^3.0.0
535 silly packumentCache full:https://registry.npmjs.org/cookie-es cache-miss
536 silly fetch manifest seroval-plugins@^1.6.2
537 silly packumentCache full:https://registry.npmjs.org/seroval-plugins cache-miss
538 http cache https://registry.npmjs.org/cookie-es 12ms (cache hit)
539 silly packumentCache full:https://registry.npmjs.org/cookie-es set size:30011 disposed:false
540 http cache https://registry.npmjs.org/seroval 14ms (cache hit)
541 silly packumentCache full:https://registry.npmjs.org/seroval set size:235036 disposed:false
542 http cache https://registry.npmjs.org/seroval-plugins 17ms (cache hit)
543 silly packumentCache full:https://registry.npmjs.org/seroval-plugins set size:82708 disposed:false
544 http fetch GET 200 https://registry.npmjs.org/@tanstack%2fstore 82ms (cache miss)
545 silly packumentCache full:https://registry.npmjs.org/@tanstack%2fstore set size:undefined disposed:false
546 http fetch GET 200 https://registry.npmjs.org/use-sync-external-store 172ms (cache miss)
547 silly packumentCache full:https://registry.npmjs.org/use-sync-external-store set size:undefined disposed:false
548 silly fetch manifest react@^16.8.0 || ^17.0.0 || ^18.0.0 || ^19.0.0
549 silly packumentCache full:https://registry.npmjs.org/react cache-miss
550 http cache https://registry.npmjs.org/react 32ms (cache hit)
551 silly packumentCache full:https://registry.npmjs.org/react set size:6977664 disposed:false
552 silly placeDep ROOT @tanstack/store@0.11.1 OK for: @tanstack/react-store@0.11.1 want: 0.11.1
553 silly placeDep ROOT use-sync-external-store@1.7.0 OK for: @tanstack/react-store@0.11.1 want: ^1.6.0
554 silly placeDep ROOT cookie-es@3.1.1 OK for: @tanstack/router-core@1.171.30 want: ^3.0.0
555 silly placeDep ROOT seroval@1.6.7 OK for: @tanstack/router-core@1.171.30 want: ^1.6.2
556 silly placeDep ROOT seroval-plugins@1.6.7 OK for: @tanstack/router-core@1.171.30 want: ^1.6.2
557 silly fetch manifest @farmfe/core@*
558 silly packumentCache full:https://registry.npmjs.org/@farmfe%2fcore cache-miss
559 http fetch GET 200 https://registry.npmjs.org/@farmfe%2fcore 117ms (cache miss)
560 silly packumentCache full:https://registry.npmjs.org/@farmfe%2fcore set size:undefined disposed:false
561 silly fetch manifest @rspack/core@*
562 silly packumentCache full:https://registry.npmjs.org/@rspack%2fcore cache-miss
563 http fetch GET 200 https://registry.npmjs.org/@rspack%2fcore 242ms (cache miss)
564 silly packumentCache full:https://registry.npmjs.org/@rspack%2fcore set size:undefined disposed:false
565 silly fetch manifest @module-federation/runtime-tools@^0.24.1 || ^2.0.0
566 silly packumentCache full:https://registry.npmjs.org/@module-federation%2fruntime-tools cache-miss
567 http fetch GET 200 https://registry.npmjs.org/@module-federation%2fruntime-tools 155ms (cache miss)
568 silly packumentCache full:https://registry.npmjs.org/@module-federation%2fruntime-tools set size:undefined disposed:false
569 silly fetch manifest @swc/helpers@^0.5.23
570 silly packumentCache full:https://registry.npmjs.org/@swc%2fhelpers cache-miss
571 http fetch GET 200 https://registry.npmjs.org/@swc%2fhelpers 64ms (cache miss)
572 silly packumentCache full:https://registry.npmjs.org/@swc%2fhelpers set size:undefined disposed:false
573 silly fetch manifest bun-types-no-globals@*
574 silly packumentCache full:https://registry.npmjs.org/bun-types-no-globals cache-miss
575 http fetch GET 200 https://registry.npmjs.org/bun-types-no-globals 41ms (cache miss)
576 silly packumentCache full:https://registry.npmjs.org/bun-types-no-globals set size:undefined disposed:false
577 silly fetch manifest esbuild@*
578 silly packumentCache full:https://registry.npmjs.org/esbuild cache-miss
579 http cache https://registry.npmjs.org/esbuild 10ms (cache hit)
580 silly packumentCache full:https://registry.npmjs.org/esbuild set size:1264676 disposed:false
581 silly fetch manifest rolldown@*
582 silly packumentCache full:https://registry.npmjs.org/rolldown cache-miss
583 http cache https://registry.npmjs.org/rolldown 13ms (cache hit)
584 silly packumentCache full:https://registry.npmjs.org/rolldown set size:3814837 disposed:false
585 silly fetch manifest rollup@*
586 silly packumentCache full:https://registry.npmjs.org/rollup cache-miss
587 http fetch GET 200 https://registry.npmjs.org/rollup 194ms (cache miss)
588 silly packumentCache full:https://registry.npmjs.org/rollup set size:undefined disposed:false
589 silly fetch manifest unloader@*
590 silly packumentCache full:https://registry.npmjs.org/unloader cache-miss
591 http fetch GET 200 https://registry.npmjs.org/unloader 38ms (cache miss)
592 silly packumentCache full:https://registry.npmjs.org/unloader set size:undefined disposed:false
593 silly fetch manifest vite@>=5.0.0 || >=6.0.0 || >=7.0.0 || >=8.0.0
594 silly packumentCache full:https://registry.npmjs.org/vite cache-miss
595 http cache https://registry.npmjs.org/vite 125ms (cache hit)
596 silly packumentCache full:https://registry.npmjs.org/vite set size:38945461 disposed:false
597 silly placeDep ROOT @babel/core@7.29.7 OK for: @tanstack/router-plugin@1.168.38 want: ^7.29.7
598 silly placeDep ROOT @babel/template@7.29.7 OK for: @tanstack/router-plugin@1.168.38 want: ^7.29.7
599 silly placeDep ROOT @babel/types@7.29.8 OK for: @tanstack/router-plugin@1.168.38 want: ^7.29.8
600 silly placeDep ROOT @tanstack/router-generator@1.167.36 OK for: @tanstack/router-plugin@1.168.38 want: 1.167.36
601 silly placeDep ROOT @tanstack/router-utils@1.162.3 OK for: @tanstack/router-plugin@1.168.38 want: 1.162.3
602 silly placeDep ROOT chokidar@5.0.0 OK for: @tanstack/router-plugin@1.168.38 want: ^5.0.0
603 silly placeDep ROOT unplugin@3.3.0 OK for: @tanstack/router-plugin@1.168.38 want: ^3.3.0
604 silly placeDep ROOT zod@4.6.5 OK for: @tanstack/router-plugin@1.168.38 want: ^4.5.4
605 silly fetch manifest debug@^4.1.0
606 silly packumentCache full:https://registry.npmjs.org/debug cache-miss
607 silly fetch manifest json5@^2.2.3
608 silly packumentCache full:https://registry.npmjs.org/json5 cache-miss
609 silly fetch manifest semver@^6.3.1
610 silly packumentCache full:https://registry.npmjs.org/semver cache-miss
611 silly fetch manifest gensync@^1.0.0-beta.2
612 silly packumentCache full:https://registry.npmjs.org/gensync cache-miss
613 silly fetch manifest @babel/types@^7.29.7
614 silly packumentCache full:https://registry.npmjs.org/@babel%2ftypes cache-miss
615 silly fetch manifest @babel/parser@^7.29.7
616 silly packumentCache full:https://registry.npmjs.org/@babel%2fparser cache-miss
617 silly fetch manifest @babel/helpers@^7.29.7
618 silly packumentCache full:https://registry.npmjs.org/@babel%2fhelpers cache-miss
619 http cache https://registry.npmjs.org/@babel%2ftypes 11ms (cache hit)
620 silly packumentCache full:https://registry.npmjs.org/@babel%2ftypes set size:505250 disposed:false
621 silly fetch manifest @babel/traverse@^7.29.7
622 silly packumentCache full:https://registry.npmjs.org/@babel%2ftraverse cache-miss
623 http fetch GET 200 https://registry.npmjs.org/gensync 30ms (cache miss)
624 silly packumentCache full:https://registry.npmjs.org/gensync set size:undefined disposed:false
625 silly fetch manifest @babel/generator@^7.29.7
626 silly packumentCache full:https://registry.npmjs.org/@babel%2fgenerator cache-miss
627 http fetch GET 200 https://registry.npmjs.org/json5 34ms (cache miss)
628 silly packumentCache full:https://registry.npmjs.org/json5 set size:undefined disposed:false
629 silly fetch manifest @babel/code-frame@^7.29.7
630 silly packumentCache full:https://registry.npmjs.org/@babel%2fcode-frame cache-miss
631 http fetch GET 200 https://registry.npmjs.org/debug 61ms (cache miss)
632 silly packumentCache full:https://registry.npmjs.org/debug set size:undefined disposed:false
633 silly fetch manifest convert-source-map@^2.0.0
634 silly packumentCache full:https://registry.npmjs.org/convert-source-map cache-miss
635 http fetch GET 200 https://registry.npmjs.org/semver 67ms (cache miss)
636 silly packumentCache full:https://registry.npmjs.org/semver set size:undefined disposed:false
637 silly fetch manifest @babel/helper-module-transforms@^7.29.7
638 silly packumentCache full:https://registry.npmjs.org/@babel%2fhelper-module-transforms cache-miss
639 http fetch GET 200 https://registry.npmjs.org/@babel%2fhelpers 82ms (cache miss)
640 silly packumentCache full:https://registry.npmjs.org/@babel%2fhelpers set size:undefined disposed:false
641 silly fetch manifest @babel/helper-compilation-targets@^7.29.7
642 silly packumentCache full:https://registry.npmjs.org/@babel%2fhelper-compilation-targets cache-miss
643 http fetch GET 200 https://registry.npmjs.org/@babel%2fparser 100ms (cache miss)
644 silly packumentCache full:https://registry.npmjs.org/@babel%2fparser set size:undefined disposed:false
645 silly fetch manifest @babel/code-frame@^7.29.7
646 silly packumentCache full:https://registry.npmjs.org/@babel%2fcode-frame cache-miss
647 http fetch GET 200 https://registry.npmjs.org/@babel%2fcode-frame 80ms (cache miss)
648 silly packumentCache full:https://registry.npmjs.org/@babel%2fcode-frame set size:undefined disposed:false
649 silly fetch manifest @babel/helper-string-parser@^7.29.7
650 silly packumentCache full:https://registry.npmjs.org/@babel%2fhelper-string-parser cache-miss
651 http fetch GET 200 https://registry.npmjs.org/convert-source-map 62ms (cache miss)
652 silly packumentCache full:https://registry.npmjs.org/convert-source-map set size:undefined disposed:false
653 silly fetch manifest @babel/helper-validator-identifier@^7.29.7
654 silly packumentCache full:https://registry.npmjs.org/@babel%2fhelper-validator-identifier cache-miss
655 http fetch GET 200 https://registry.npmjs.org/@babel%2ftraverse 108ms (cache miss)
656 silly packumentCache full:https://registry.npmjs.org/@babel%2ftraverse set size:undefined disposed:false
657 silly fetch manifest prettier@^3.9.6
658 silly packumentCache full:https://registry.npmjs.org/prettier cache-miss
659 http fetch GET 200 https://registry.npmjs.org/@babel%2fgenerator 109ms (cache miss)
660 silly packumentCache full:https://registry.npmjs.org/@babel%2fgenerator set size:undefined disposed:false
661 silly fetch manifest @tanstack/virtual-file-routes@1.162.0
662 silly packumentCache full:https://registry.npmjs.org/@tanstack%2fvirtual-file-routes cache-miss
663 http fetch GET 200 https://registry.npmjs.org/@babel%2fhelper-module-transforms 101ms (cache miss)
664 silly packumentCache full:https://registry.npmjs.org/@babel%2fhelper-module-transforms set size:undefined disposed:false
665 silly fetch manifest diff@^8.0.4
666 silly packumentCache full:https://registry.npmjs.org/diff cache-miss
667 http fetch GET 200 https://registry.npmjs.org/@babel%2fhelper-compilation-targets 139ms (cache miss)
668 silly packumentCache full:https://registry.npmjs.org/@babel%2fhelper-compilation-targets set size:undefined disposed:false
669 silly fetch manifest ansis@^4.3.1
670 silly packumentCache full:https://registry.npmjs.org/ansis cache-miss
671 http fetch GET 200 https://registry.npmjs.org/@babel%2fhelper-string-parser 116ms (cache miss)
672 silly packumentCache full:https://registry.npmjs.org/@babel%2fhelper-string-parser set size:undefined disposed:false
673 silly fetch manifest pathe@^2.0.3
674 silly packumentCache full:https://registry.npmjs.org/pathe cache-miss
675 http fetch GET 200 https://registry.npmjs.org/@babel%2fcode-frame 130ms (cache miss)
676 silly packumentCache full:https://registry.npmjs.org/@babel%2fcode-frame set size:undefined disposed:false
677 silly fetch manifest @babel/parser@^7.29.8
678 silly packumentCache full:https://registry.npmjs.org/@babel%2fparser cache-miss
679 http fetch GET 200 https://registry.npmjs.org/@babel%2fhelper-validator-identifier 117ms (cache miss)
680 silly packumentCache full:https://registry.npmjs.org/@babel%2fhelper-validator-identifier set size:undefined disposed:false
681 silly fetch manifest @babel/generator@^7.29.8
682 silly packumentCache full:https://registry.npmjs.org/@babel%2fgenerator cache-miss
683 http fetch GET 200 https://registry.npmjs.org/@tanstack%2fvirtual-file-routes 101ms (cache miss)
684 silly packumentCache full:https://registry.npmjs.org/@tanstack%2fvirtual-file-routes set size:undefined disposed:false
685 silly fetch manifest babel-dead-code-elimination@^1.0.12
686 silly packumentCache full:https://registry.npmjs.org/babel-dead-code-elimination cache-miss
687 http cache https://registry.npmjs.org/@babel%2fparser 17ms (cache hit)
688 silly packumentCache full:https://registry.npmjs.org/@babel%2fparser set size:740578 disposed:false
689 silly fetch manifest readdirp@^5.0.0
690 silly packumentCache full:https://registry.npmjs.org/readdirp cache-miss
691 http cache https://registry.npmjs.org/@babel%2fgenerator 25ms (cache hit)
692 silly packumentCache full:https://registry.npmjs.org/@babel%2fgenerator set size:525319 disposed:false
693 silly fetch manifest picomatch@^4.0.4
694 silly packumentCache full:https://registry.npmjs.org/picomatch cache-miss
695 http fetch GET 200 https://registry.npmjs.org/pathe 46ms (cache miss)
696 silly packumentCache full:https://registry.npmjs.org/pathe set size:undefined disposed:false
697 silly fetch manifest webpack-virtual-modules@^0.6.2
698 silly packumentCache full:https://registry.npmjs.org/webpack-virtual-modules cache-miss
699 http fetch GET 200 https://registry.npmjs.org/diff 109ms (cache miss)
700 silly packumentCache full:https://registry.npmjs.org/diff set size:undefined disposed:false
701 http cache https://registry.npmjs.org/picomatch 18ms (cache hit)
702 silly packumentCache full:https://registry.npmjs.org/picomatch set size:134451 disposed:false
703 http fetch GET 200 https://registry.npmjs.org/babel-dead-code-elimination 44ms (cache miss)
704 silly packumentCache full:https://registry.npmjs.org/babel-dead-code-elimination set size:undefined disposed:false
705 http fetch GET 200 https://registry.npmjs.org/prettier 164ms (cache miss)
706 silly packumentCache full:https://registry.npmjs.org/prettier set size:undefined disposed:false
707 http fetch GET 200 https://registry.npmjs.org/ansis 76ms (cache miss)
708 silly packumentCache full:https://registry.npmjs.org/ansis set size:undefined disposed:false
709 http fetch GET 200 https://registry.npmjs.org/readdirp 47ms (cache miss)
710 silly packumentCache full:https://registry.npmjs.org/readdirp set size:undefined disposed:false
711 http fetch GET 200 https://registry.npmjs.org/webpack-virtual-modules 32ms (cache miss)
712 silly packumentCache full:https://registry.npmjs.org/webpack-virtual-modules set size:undefined disposed:false
713 silly fetch manifest @babel/core@^7.0.0
714 silly packumentCache full:https://registry.npmjs.org/@babel%2fcore cache-hit
715 silly placeDep ROOT @babel/code-frame@7.29.7 OK for: @babel/core@7.29.7 want: ^7.29.7
716 silly placeDep ROOT @babel/generator@7.29.8 OK for: @babel/core@7.29.7 want: ^7.29.7
717 silly placeDep ROOT @babel/helper-compilation-targets@7.29.7 OK for: @babel/core@7.29.7 want: ^7.29.7
718 silly placeDep ROOT @babel/helper-module-transforms@7.29.7 OK for: @babel/core@7.29.7 want: ^7.29.7
719 silly placeDep ROOT @babel/helpers@7.29.7 OK for: @babel/core@7.29.7 want: ^7.29.7
720 silly placeDep ROOT @babel/parser@7.29.8 OK for: @babel/core@7.29.7 want: ^7.29.7
721 silly placeDep ROOT @babel/traverse@7.29.8 OK for: @babel/core@7.29.7 want: ^7.29.7
722 silly placeDep ROOT convert-source-map@2.0.0 OK for: @babel/core@7.29.7 want: ^2.0.0
723 silly placeDep ROOT debug@4.4.3 OK for: @babel/core@7.29.7 want: ^4.1.0
724 silly placeDep ROOT gensync@1.0.0-beta.2 OK for: @babel/core@7.29.7 want: ^1.0.0-beta.2
725 silly placeDep ROOT json5@2.2.3 OK for: @babel/core@7.29.7 want: ^2.2.3
726 silly placeDep ROOT semver@6.3.1 OK for: @babel/core@7.29.7 want: ^6.3.1
727 silly fetch manifest js-tokens@^4.0.0
728 silly packumentCache full:https://registry.npmjs.org/js-tokens cache-miss
729 silly fetch manifest picocolors@^1.1.1
730 silly packumentCache full:https://registry.npmjs.org/picocolors cache-miss
731 silly fetch manifest jsesc@^3.0.2
732 silly packumentCache full:https://registry.npmjs.org/jsesc cache-miss
733 silly fetch manifest lru-cache@^5.1.1
734 silly packumentCache full:https://registry.npmjs.org/lru-cache cache-miss
735 silly fetch manifest browserslist@^4.24.0
736 silly packumentCache full:https://registry.npmjs.org/browserslist cache-miss
737 silly fetch manifest @babel/compat-data@^7.29.7
738 silly packumentCache full:https://registry.npmjs.org/@babel%2fcompat-data cache-miss
739 silly fetch manifest @babel/helper-validator-option@^7.29.7
740 silly packumentCache full:https://registry.npmjs.org/@babel%2fhelper-validator-option cache-miss
741 http fetch GET 200 https://registry.npmjs.org/jsesc 25ms (cache miss)
742 silly packumentCache full:https://registry.npmjs.org/jsesc set size:undefined disposed:false
743 silly fetch manifest @babel/helper-module-imports@^7.29.7
744 silly packumentCache full:https://registry.npmjs.org/@babel%2fhelper-module-imports cache-miss
745 http fetch GET 200 https://registry.npmjs.org/picocolors 41ms (cache miss)
746 silly packumentCache full:https://registry.npmjs.org/picocolors set size:undefined disposed:false
747 silly fetch manifest debug@^4.3.1
748 silly packumentCache full:https://registry.npmjs.org/debug cache-miss
749 http fetch GET 200 https://registry.npmjs.org/@babel%2fhelper-validator-option 43ms (cache miss)
750 silly packumentCache full:https://registry.npmjs.org/@babel%2fhelper-validator-option set size:undefined disposed:false
751 silly fetch manifest @babel/helper-globals@^7.29.7
752 silly packumentCache full:https://registry.npmjs.org/@babel%2fhelper-globals cache-miss
753 http fetch GET 200 https://registry.npmjs.org/js-tokens 52ms (cache miss)
754 silly packumentCache full:https://registry.npmjs.org/js-tokens set size:undefined disposed:false
755 silly fetch manifest ms@^2.1.3
756 silly packumentCache full:https://registry.npmjs.org/ms cache-miss
757 http cache https://registry.npmjs.org/debug 15ms (cache hit)
758 silly packumentCache full:https://registry.npmjs.org/debug set size:195840 disposed:false
759 http fetch GET 200 https://registry.npmjs.org/@babel%2fcompat-data 60ms (cache miss)
760 silly packumentCache full:https://registry.npmjs.org/@babel%2fcompat-data set size:undefined disposed:false
761 http fetch GET 200 https://registry.npmjs.org/browserslist 67ms (cache miss)
762 silly packumentCache full:https://registry.npmjs.org/browserslist set size:undefined disposed:false
763 http fetch GET 200 https://registry.npmjs.org/@babel%2fhelper-globals 35ms (cache miss)
764 silly packumentCache full:https://registry.npmjs.org/@babel%2fhelper-globals set size:undefined disposed:false
765 http fetch GET 200 https://registry.npmjs.org/ms 32ms (cache miss)
766 silly packumentCache full:https://registry.npmjs.org/ms set size:undefined disposed:false
767 http fetch GET 200 https://registry.npmjs.org/@babel%2fhelper-module-imports 60ms (cache miss)
768 silly packumentCache full:https://registry.npmjs.org/@babel%2fhelper-module-imports set size:undefined disposed:false
769 http fetch GET 200 https://registry.npmjs.org/lru-cache 89ms (cache miss)
770 silly packumentCache full:https://registry.npmjs.org/lru-cache set size:undefined disposed:false
771 silly placeDep ROOT @babel/helper-validator-identifier@7.29.7 OK for: @babel/code-frame@7.29.7 want: ^7.29.7
772 silly placeDep ROOT js-tokens@4.0.0 OK for: @babel/code-frame@7.29.7 want: ^4.0.0
773 silly placeDep ROOT picocolors@1.1.1 OK for: @babel/code-frame@7.29.7 want: ^1.1.1
774 silly placeDep ROOT jsesc@3.1.0 OK for: @babel/generator@7.29.8 want: ^3.0.2
775 silly placeDep ROOT @babel/compat-data@7.29.7 OK for: @babel/helper-compilation-targets@7.29.7 want: ^7.29.7
776 silly placeDep ROOT @babel/helper-validator-option@7.29.7 OK for: @babel/helper-compilation-targets@7.29.7 want: ^7.29.7
777 silly placeDep ROOT browserslist@4.28.9 OK for: @babel/helper-compilation-targets@7.29.7 want: ^4.24.0
778 silly placeDep ROOT lru-cache@5.1.1 OK for: @babel/helper-compilation-targets@7.29.7 want: ^5.1.1
779 silly fetch manifest caniuse-lite@^1.0.30001810
780 silly packumentCache full:https://registry.npmjs.org/caniuse-lite cache-miss
781 silly fetch manifest node-releases@^2.0.54
782 silly packumentCache full:https://registry.npmjs.org/node-releases cache-miss
783 silly fetch manifest electron-to-chromium@^1.5.420
784 silly packumentCache full:https://registry.npmjs.org/electron-to-chromium cache-miss
785 silly fetch manifest update-browserslist-db@^1.3.2
786 silly packumentCache full:https://registry.npmjs.org/update-browserslist-db cache-miss
787 silly fetch manifest baseline-browser-mapping@^2.11.20
788 silly packumentCache full:https://registry.npmjs.org/baseline-browser-mapping cache-miss
789 silly fetch manifest yallist@^3.0.2
790 silly packumentCache full:https://registry.npmjs.org/yallist cache-miss
791 http fetch GET 200 https://registry.npmjs.org/yallist 36ms (cache miss)
792 silly packumentCache full:https://registry.npmjs.org/yallist set size:undefined disposed:false
793 http fetch GET 200 https://registry.npmjs.org/node-releases 50ms (cache miss)
794 silly packumentCache full:https://registry.npmjs.org/node-releases set size:undefined disposed:false
795 http fetch GET 200 https://registry.npmjs.org/update-browserslist-db 73ms (cache miss)
796 silly packumentCache full:https://registry.npmjs.org/update-browserslist-db set size:undefined disposed:false
797 http fetch GET 200 https://registry.npmjs.org/baseline-browser-mapping 83ms (cache miss)
798 silly packumentCache full:https://registry.npmjs.org/baseline-browser-mapping set size:undefined disposed:false
799 http fetch GET 200 https://registry.npmjs.org/caniuse-lite 133ms (cache miss)
800 silly packumentCache full:https://registry.npmjs.org/caniuse-lite set size:undefined disposed:false
801 http fetch GET 200 https://registry.npmjs.org/electron-to-chromium 196ms (cache miss)
802 silly packumentCache full:https://registry.npmjs.org/electron-to-chromium set size:undefined disposed:false
803 silly placeDep ROOT @babel/helper-module-imports@7.29.7 OK for: @babel/helper-module-transforms@7.29.7 want: ^7.29.7
804 silly placeDep ROOT @babel/helper-globals@7.29.7 OK for: @babel/traverse@7.29.8 want: ^7.29.7
805 silly placeDep ROOT @babel/helper-string-parser@7.29.7 OK for: @babel/types@7.29.8 want: ^7.29.7
806 silly placeDep ROOT @tanstack/virtual-file-routes@1.162.0 OK for: @tanstack/router-generator@1.167.36 want: 1.162.0
807 silly placeDep ROOT prettier@3.9.6 OK for: @tanstack/router-generator@1.167.36 want: ^3.9.6
808 silly placeDep ROOT ansis@4.4.0 OK for: @tanstack/router-utils@1.162.3 want: ^4.3.1
809 silly placeDep ROOT babel-dead-code-elimination@1.0.12 OK for: @tanstack/router-utils@1.162.3 want: ^1.0.12
810 silly placeDep ROOT diff@8.0.4 OK for: @tanstack/router-utils@1.162.3 want: ^8.0.4
811 silly placeDep ROOT pathe@2.0.3 OK for: @tanstack/router-utils@1.162.3 want: ^2.0.3
812 silly placeDep ROOT tinyglobby@0.2.17 OK for: @tanstack/router-utils@1.162.3 want: ^0.2.17
813 silly fetch manifest fdir@^6.5.0
814 silly packumentCache full:https://registry.npmjs.org/fdir cache-miss
815 http fetch GET 200 https://registry.npmjs.org/fdir 29ms (cache miss)
816 silly packumentCache full:https://registry.npmjs.org/fdir set size:undefined disposed:false
817 silly placeDep ROOT csstype@3.2.3 OK for: @types/react@19.3.0 want: ^3.2.2
818 silly placeDep ROOT @babel/plugin-transform-react-jsx-self@7.29.7 OK for: @vitejs/plugin-react@5.2.0 want: ^7.27.1
819 silly placeDep ROOT @babel/plugin-transform-react-jsx-source@7.29.7 OK for: @vitejs/plugin-react@5.2.0 want: ^7.27.1
820 silly placeDep ROOT @rolldown/pluginutils@1.0.0-rc.3 OK for: @vitejs/plugin-react@5.2.0 want: 1.0.0-rc.3
821 silly placeDep ROOT @types/babel__core@7.20.5 OK for: @vitejs/plugin-react@5.2.0 want: ^7.20.5
822 silly placeDep ROOT react-refresh@0.18.0 OK for: @vitejs/plugin-react@5.2.0 want: ^0.18.0
823 silly fetch manifest @babel/helper-plugin-utils@^7.29.7
824 silly packumentCache full:https://registry.npmjs.org/@babel%2fhelper-plugin-utils cache-miss
825 silly fetch manifest @babel/helper-plugin-utils@^7.29.7
826 silly packumentCache full:https://registry.npmjs.org/@babel%2fhelper-plugin-utils cache-miss
827 silly fetch manifest @types/babel__template@*
828 silly packumentCache full:https://registry.npmjs.org/@types%2fbabel__template cache-miss
829 silly fetch manifest @types/babel__traverse@*
830 silly packumentCache full:https://registry.npmjs.org/@types%2fbabel__traverse cache-miss
831 silly fetch manifest @types/babel__generator@*
832 silly packumentCache full:https://registry.npmjs.org/@types%2fbabel__generator cache-miss
833 http fetch GET 200 https://registry.npmjs.org/@types%2fbabel__template 46ms (cache miss)
834 silly packumentCache full:https://registry.npmjs.org/@types%2fbabel__template set size:undefined disposed:false
835 http fetch GET 200 https://registry.npmjs.org/@babel%2fhelper-plugin-utils 58ms (cache miss)
836 silly packumentCache full:https://registry.npmjs.org/@babel%2fhelper-plugin-utils set size:undefined disposed:false
837 http fetch GET 200 https://registry.npmjs.org/@types%2fbabel__generator 80ms (cache miss)
838 silly packumentCache full:https://registry.npmjs.org/@types%2fbabel__generator set size:undefined disposed:false
839 http fetch GET 200 https://registry.npmjs.org/@types%2fbabel__traverse 94ms (cache miss)
840 silly packumentCache full:https://registry.npmjs.org/@types%2fbabel__traverse set size:undefined disposed:false
841 http fetch GET 200 https://registry.npmjs.org/@babel%2fhelper-plugin-utils 100ms (cache miss)
842 silly packumentCache full:https://registry.npmjs.org/@babel%2fhelper-plugin-utils set size:undefined disposed:false
843 silly placeDep ROOT @babel/helper-plugin-utils@7.29.7 OK for: @babel/plugin-transform-react-jsx-self@7.29.7 want: ^7.29.7
844 silly placeDep ROOT @types/babel__generator@7.27.0 OK for: @types/babel__core@7.20.5 want: *
845 silly placeDep ROOT @types/babel__template@7.4.4 OK for: @types/babel__core@7.20.5 want: *
846 silly placeDep ROOT @types/babel__traverse@7.28.0 OK for: @types/babel__core@7.20.5 want: *
847 silly fetch manifest browserslist@>= 4.21.0
848 silly packumentCache full:https://registry.npmjs.org/browserslist cache-miss
849 http cache https://registry.npmjs.org/browserslist 17ms (cache hit)
850 silly packumentCache full:https://registry.npmjs.org/browserslist set size:521015 disposed:false
851 silly placeDep ROOT baseline-browser-mapping@2.11.23 OK for: browserslist@4.28.9 want: ^2.11.20
852 silly placeDep ROOT caniuse-lite@1.0.30001810 OK for: browserslist@4.28.9 want: ^1.0.30001810
853 silly placeDep ROOT electron-to-chromium@1.5.427 OK for: browserslist@4.28.9 want: ^1.5.420
854 silly placeDep ROOT node-releases@2.0.55 OK for: browserslist@4.28.9 want: ^2.0.54
855 silly placeDep ROOT update-browserslist-db@1.3.3 OK for: browserslist@4.28.9 want: ^1.3.2
856 silly fetch manifest escalade@^3.2.0
857 silly packumentCache full:https://registry.npmjs.org/escalade cache-miss
858 http fetch GET 200 https://registry.npmjs.org/escalade 39ms (cache miss)
859 silly packumentCache full:https://registry.npmjs.org/escalade set size:undefined disposed:false
860 silly placeDep ROOT readdirp@5.1.1 OK for: chokidar@5.0.0 want: ^5.0.0
861 silly placeDep ROOT ms@2.1.3 OK for: debug@4.4.3 want: ^2.1.3
862 silly placeDep ROOT graceful-fs@4.2.11 OK for: enhanced-resolve@5.25.1 want: ^4.2.4
863 silly placeDep ROOT tapable@2.3.3 OK for: enhanced-resolve@5.25.1 want: ^2.3.3
864 silly placeDep ROOT detect-libc@2.1.2 OK for: lightningcss@1.32.0 want: ^2.0.3
865 silly placeDep ROOT lightningcss-android-arm64@1.32.0 OK for: lightningcss@1.32.0 want: 1.32.0
866 silly placeDep ROOT lightningcss-darwin-arm64@1.32.0 OK for: lightningcss@1.32.0 want: 1.32.0
867 silly placeDep ROOT lightningcss-darwin-x64@1.32.0 OK for: lightningcss@1.32.0 want: 1.32.0
868 silly placeDep ROOT lightningcss-freebsd-x64@1.32.0 OK for: lightningcss@1.32.0 want: 1.32.0
869 silly placeDep ROOT lightningcss-linux-arm-gnueabihf@1.32.0 OK for: lightningcss@1.32.0 want: 1.32.0
870 silly placeDep ROOT lightningcss-linux-arm64-gnu@1.32.0 OK for: lightningcss@1.32.0 want: 1.32.0
871 silly placeDep ROOT lightningcss-linux-arm64-musl@1.32.0 OK for: lightningcss@1.32.0 want: 1.32.0
872 silly placeDep ROOT lightningcss-linux-x64-gnu@1.32.0 OK for: lightningcss@1.32.0 want: 1.32.0
873 silly placeDep ROOT lightningcss-linux-x64-musl@1.32.0 OK for: lightningcss@1.32.0 want: 1.32.0
874 silly placeDep ROOT lightningcss-win32-arm64-msvc@1.32.0 OK for: lightningcss@1.32.0 want: 1.32.0
875 silly placeDep ROOT lightningcss-win32-x64-msvc@1.32.0 OK for: lightningcss@1.32.0 want: 1.32.0
876 silly placeDep ROOT yallist@3.1.1 OK for: lru-cache@5.1.1 want: ^3.0.2
877 silly placeDep ROOT scheduler@0.28.0 OK for: react-dom@19.3.0 want: ^0.28.0
878 silly placeDep ROOT fdir@6.5.0 OK for: tinyglobby@0.2.17 want: ^6.5.0
879 silly placeDep ROOT picomatch@4.0.7 OK for: tinyglobby@0.2.17 want: ^4.0.4
880 silly placeDep ROOT webpack-virtual-modules@0.6.2 OK for: unplugin@3.3.0 want: ^0.6.2
881 silly placeDep ROOT escalade@3.2.0 OK for: update-browserslist-db@1.3.3 want: ^3.2.0
882 silly placeDep ROOT fsevents@2.3.3 OK for: vite@8.3.0 want: ~2.3.3
883 silly placeDep node_modules/vite lightningcss@1.33.0 OK for: vite@8.3.0 want: ^1.33.0
884 silly placeDep ROOT postcss@8.5.28 OK for: vite@8.3.0 want: ^8.5.28
885 silly placeDep ROOT rolldown@1.2.8 OK for: vite@8.3.0 want: ~1.2.6
886 silly fetch manifest lightningcss-darwin-x64@1.33.0
887 silly packumentCache full:https://registry.npmjs.org/lightningcss-darwin-x64 cache-hit
888 silly fetch manifest lightningcss-linux-x64-gnu@1.33.0
889 silly packumentCache full:https://registry.npmjs.org/lightningcss-linux-x64-gnu cache-hit
890 silly fetch manifest lightningcss-win32-x64-msvc@1.33.0
891 silly packumentCache full:https://registry.npmjs.org/lightningcss-win32-x64-msvc cache-hit
892 silly fetch manifest lightningcss-win32-arm64-msvc@1.33.0
893 silly packumentCache full:https://registry.npmjs.org/lightningcss-win32-arm64-msvc cache-hit
894 silly fetch manifest lightningcss-darwin-arm64@1.33.0
895 silly packumentCache full:https://registry.npmjs.org/lightningcss-darwin-arm64 cache-hit
896 silly fetch manifest lightningcss-linux-arm64-gnu@1.33.0
897 silly packumentCache full:https://registry.npmjs.org/lightningcss-linux-arm64-gnu cache-hit
898 silly fetch manifest lightningcss-linux-arm-gnueabihf@1.33.0
899 silly packumentCache full:https://registry.npmjs.org/lightningcss-linux-arm-gnueabihf cache-hit
900 silly fetch manifest lightningcss-linux-arm64-musl@1.33.0
901 silly packumentCache full:https://registry.npmjs.org/lightningcss-linux-arm64-musl cache-miss
902 silly fetch manifest lightningcss-linux-x64-musl@1.33.0
903 silly packumentCache full:https://registry.npmjs.org/lightningcss-linux-x64-musl cache-hit
904 silly fetch manifest lightningcss-freebsd-x64@1.33.0
905 silly packumentCache full:https://registry.npmjs.org/lightningcss-freebsd-x64 cache-hit
906 silly fetch manifest lightningcss-android-arm64@1.33.0
907 silly packumentCache full:https://registry.npmjs.org/lightningcss-android-arm64 cache-hit
908 silly fetch manifest nanoid@^3.3.18
909 silly packumentCache full:https://registry.npmjs.org/nanoid cache-miss
910 silly fetch manifest @oxc-project/types@=0.149.0
911 silly packumentCache full:https://registry.npmjs.org/@oxc-project%2ftypes cache-miss
912 silly fetch manifest @rolldown/pluginutils@^1.0.0
913 silly packumentCache full:https://registry.npmjs.org/@rolldown%2fpluginutils cache-hit
914 silly fetch manifest @rolldown/binding-darwin-x64@1.2.8
915 silly packumentCache full:https://registry.npmjs.org/@rolldown%2fbinding-darwin-x64 cache-miss
916 silly fetch manifest @rolldown/binding-freebsd-x64@1.2.8
917 silly packumentCache full:https://registry.npmjs.org/@rolldown%2fbinding-freebsd-x64 cache-miss
918 silly fetch manifest @rolldown/binding-darwin-arm64@1.2.8
919 silly packumentCache full:https://registry.npmjs.org/@rolldown%2fbinding-darwin-arm64 cache-miss
920 silly fetch manifest @rolldown/binding-android-arm64@1.2.8
921 silly packumentCache full:https://registry.npmjs.org/@rolldown%2fbinding-android-arm64 cache-miss
922 http cache https://registry.npmjs.org/lightningcss-linux-arm64-musl 21ms (cache hit)
923 silly packumentCache full:https://registry.npmjs.org/lightningcss-linux-arm64-musl set size:82617 disposed:false
924 silly fetch manifest @rolldown/binding-linux-x64-gnu@1.2.8
925 silly packumentCache full:https://registry.npmjs.org/@rolldown%2fbinding-linux-x64-gnu cache-miss
926 http fetch GET 200 https://registry.npmjs.org/nanoid 169ms (cache miss)
927 silly packumentCache full:https://registry.npmjs.org/nanoid set size:undefined disposed:false
928 silly fetch manifest @rolldown/binding-linux-x64-musl@1.2.8
929 silly packumentCache full:https://registry.npmjs.org/@rolldown%2fbinding-linux-x64-musl cache-miss
930 http fetch GET 200 https://registry.npmjs.org/@rolldown%2fbinding-android-arm64 177ms (cache miss)
931 silly packumentCache full:https://registry.npmjs.org/@rolldown%2fbinding-android-arm64 set size:undefined disposed:false
932 silly fetch manifest @rolldown/binding-win32-x64-msvc@1.2.8
933 silly packumentCache full:https://registry.npmjs.org/@rolldown%2fbinding-win32-x64-msvc cache-miss
934 http fetch GET 200 https://registry.npmjs.org/@oxc-project%2ftypes 193ms (cache miss)
935 silly packumentCache full:https://registry.npmjs.org/@oxc-project%2ftypes set size:undefined disposed:false
936 silly fetch manifest @rolldown/binding-linux-arm64-gnu@1.2.8
937 silly packumentCache full:https://registry.npmjs.org/@rolldown%2fbinding-linux-arm64-gnu cache-miss
938 http fetch GET 200 https://registry.npmjs.org/@rolldown%2fbinding-freebsd-x64 240ms (cache miss)
939 silly packumentCache full:https://registry.npmjs.org/@rolldown%2fbinding-freebsd-x64 set size:undefined disposed:false
940 silly fetch manifest @rolldown/binding-linux-ppc64-gnu@1.2.8
941 silly packumentCache full:https://registry.npmjs.org/@rolldown%2fbinding-linux-ppc64-gnu cache-miss
942 http fetch GET 200 https://registry.npmjs.org/@rolldown%2fbinding-darwin-arm64 285ms (cache miss)
943 silly packumentCache full:https://registry.npmjs.org/@rolldown%2fbinding-darwin-arm64 set size:undefined disposed:false
944 silly fetch manifest @rolldown/binding-linux-s390x-gnu@1.2.8
945 silly packumentCache full:https://registry.npmjs.org/@rolldown%2fbinding-linux-s390x-gnu cache-miss
946 http fetch GET 200 https://registry.npmjs.org/@rolldown%2fbinding-linux-x64-gnu 303ms (cache miss)
947 silly packumentCache full:https://registry.npmjs.org/@rolldown%2fbinding-linux-x64-gnu set size:undefined disposed:false
948 silly fetch manifest @rolldown/binding-android-arm-eabi@1.2.8
949 silly packumentCache full:https://registry.npmjs.org/@rolldown%2fbinding-android-arm-eabi cache-miss
950 http fetch GET 200 https://registry.npmjs.org/@rolldown%2fbinding-darwin-x64 348ms (cache miss)
951 silly packumentCache full:https://registry.npmjs.org/@rolldown%2fbinding-darwin-x64 set size:undefined disposed:false
952 silly fetch manifest @rolldown/binding-linux-arm64-musl@1.2.8
953 silly packumentCache full:https://registry.npmjs.org/@rolldown%2fbinding-linux-arm64-musl cache-miss
954 http fetch GET 200 https://registry.npmjs.org/@rolldown%2fbinding-android-arm-eabi 69ms (cache miss)
955 silly packumentCache full:https://registry.npmjs.org/@rolldown%2fbinding-android-arm-eabi set size:undefined disposed:false
956 silly fetch manifest @rolldown/binding-win32-arm64-msvc@1.2.8
957 silly packumentCache full:https://registry.npmjs.org/@rolldown%2fbinding-win32-arm64-msvc cache-miss
958 http fetch GET 200 https://registry.npmjs.org/@rolldown%2fbinding-linux-ppc64-gnu 152ms (cache miss)
959 silly packumentCache full:https://registry.npmjs.org/@rolldown%2fbinding-linux-ppc64-gnu set size:undefined disposed:false
960 silly fetch manifest @rolldown/binding-openharmony-arm64@1.2.8
961 silly packumentCache full:https://registry.npmjs.org/@rolldown%2fbinding-openharmony-arm64 cache-miss
962 http fetch GET 200 https://registry.npmjs.org/@rolldown%2fbinding-linux-s390x-gnu 92ms (cache miss)
963 silly packumentCache full:https://registry.npmjs.org/@rolldown%2fbinding-linux-s390x-gnu set size:undefined disposed:false
964 silly fetch manifest @rolldown/binding-linux-arm-gnueabihf@1.2.8
965 silly packumentCache full:https://registry.npmjs.org/@rolldown%2fbinding-linux-arm-gnueabihf cache-miss
966 http fetch GET 200 https://registry.npmjs.org/@rolldown%2fbinding-linux-x64-musl 259ms (cache miss)
967 silly packumentCache full:https://registry.npmjs.org/@rolldown%2fbinding-linux-x64-musl set size:undefined disposed:false
968 http fetch GET 200 https://registry.npmjs.org/@rolldown%2fbinding-win32-x64-msvc 281ms (cache miss)
969 silly packumentCache full:https://registry.npmjs.org/@rolldown%2fbinding-win32-x64-msvc set size:undefined disposed:false
970 http fetch GET 200 https://registry.npmjs.org/@rolldown%2fbinding-linux-arm64-gnu 299ms (cache miss)
971 silly packumentCache full:https://registry.npmjs.org/@rolldown%2fbinding-linux-arm64-gnu set size:undefined disposed:false
972 http fetch GET 200 https://registry.npmjs.org/@rolldown%2fbinding-openharmony-arm64 143ms (cache miss)
973 silly packumentCache full:https://registry.npmjs.org/@rolldown%2fbinding-openharmony-arm64 set size:undefined disposed:false
974 http fetch GET 200 https://registry.npmjs.org/@rolldown%2fbinding-win32-arm64-msvc 184ms (cache miss)
975 silly packumentCache full:https://registry.npmjs.org/@rolldown%2fbinding-win32-arm64-msvc set size:undefined disposed:false
976 http fetch GET 200 https://registry.npmjs.org/@rolldown%2fbinding-linux-arm64-musl 227ms (cache miss)
977 silly packumentCache full:https://registry.npmjs.org/@rolldown%2fbinding-linux-arm64-musl set size:undefined disposed:false
978 http fetch GET 200 https://registry.npmjs.org/@rolldown%2fbinding-linux-arm-gnueabihf 196ms (cache miss)
979 silly packumentCache full:https://registry.npmjs.org/@rolldown%2fbinding-linux-arm-gnueabihf set size:undefined disposed:false
980 silly placeDep ROOT nanoid@3.3.19 OK for: postcss@8.5.28 want: ^3.3.18
981 silly placeDep ROOT @oxc-project/types@0.149.0 OK for: rolldown@1.2.8 want: =0.149.0
982 silly placeDep ROOT @rolldown/binding-android-arm-eabi@1.2.8 OK for: rolldown@1.2.8 want: 1.2.8
983 silly placeDep ROOT @rolldown/binding-android-arm64@1.2.8 OK for: rolldown@1.2.8 want: 1.2.8
984 silly placeDep ROOT @rolldown/binding-darwin-arm64@1.2.8 OK for: rolldown@1.2.8 want: 1.2.8
985 silly placeDep ROOT @rolldown/binding-darwin-x64@1.2.8 OK for: rolldown@1.2.8 want: 1.2.8
986 silly placeDep ROOT @rolldown/binding-freebsd-x64@1.2.8 OK for: rolldown@1.2.8 want: 1.2.8
987 silly placeDep ROOT @rolldown/binding-linux-arm-gnueabihf@1.2.8 OK for: rolldown@1.2.8 want: 1.2.8
988 silly placeDep ROOT @rolldown/binding-linux-arm64-gnu@1.2.8 OK for: rolldown@1.2.8 want: 1.2.8
989 silly placeDep ROOT @rolldown/binding-linux-arm64-musl@1.2.8 OK for: rolldown@1.2.8 want: 1.2.8
990 silly placeDep ROOT @rolldown/binding-linux-ppc64-gnu@1.2.8 OK for: rolldown@1.2.8 want: 1.2.8
991 silly placeDep ROOT @rolldown/binding-linux-s390x-gnu@1.2.8 OK for: rolldown@1.2.8 want: 1.2.8
992 silly placeDep ROOT @rolldown/binding-linux-x64-gnu@1.2.8 OK for: rolldown@1.2.8 want: 1.2.8
993 silly placeDep ROOT @rolldown/binding-linux-x64-musl@1.2.8 OK for: rolldown@1.2.8 want: 1.2.8
994 silly placeDep ROOT @rolldown/binding-openharmony-arm64@1.2.8 OK for: rolldown@1.2.8 want: 1.2.8
995 silly placeDep ROOT @rolldown/binding-win32-arm64-msvc@1.2.8 OK for: rolldown@1.2.8 want: 1.2.8
996 silly placeDep ROOT @rolldown/binding-win32-x64-msvc@1.2.8 OK for: rolldown@1.2.8 want: 1.2.8
997 silly placeDep node_modules/rolldown @rolldown/pluginutils@1.0.1 OK for: rolldown@1.2.8 want: ^1.0.0
998 silly placeDep node_modules/vite lightningcss-android-arm64@1.33.0 OK for: lightningcss@1.33.0 want: 1.33.0
999 silly placeDep node_modules/vite lightningcss-darwin-arm64@1.33.0 OK for: lightningcss@1.33.0 want: 1.33.0
1000 silly placeDep node_modules/vite lightningcss-darwin-x64@1.33.0 OK for: lightningcss@1.33.0 want: 1.33.0
1001 silly placeDep node_modules/vite lightningcss-freebsd-x64@1.33.0 OK for: lightningcss@1.33.0 want: 1.33.0
1002 silly placeDep node_modules/vite lightningcss-linux-arm-gnueabihf@1.33.0 OK for: lightningcss@1.33.0 want: 1.33.0
1003 silly placeDep node_modules/vite lightningcss-linux-arm64-gnu@1.33.0 OK for: lightningcss@1.33.0 want: 1.33.0
1004 silly placeDep node_modules/vite lightningcss-linux-arm64-musl@1.33.0 OK for: lightningcss@1.33.0 want: 1.33.0
1005 silly placeDep node_modules/vite lightningcss-linux-x64-gnu@1.33.0 OK for: lightningcss@1.33.0 want: 1.33.0
1006 silly placeDep node_modules/vite lightningcss-linux-x64-musl@1.33.0 OK for: lightningcss@1.33.0 want: 1.33.0
1007 silly placeDep node_modules/vite lightningcss-win32-arm64-msvc@1.33.0 OK for: lightningcss@1.33.0 want: 1.33.0
1008 silly placeDep node_modules/vite lightningcss-win32-x64-msvc@1.33.0 OK for: lightningcss@1.33.0 want: 1.33.0
1009 silly reify moves {}
1010 silly audit bulk request {
1010 silly audit   '@tailwindcss/vite': [ '4.3.3' ],
1010 silly audit   vite: [ '8.3.0' ],
1010 silly audit   '@tanstack/react-router': [ '1.170.36' ],
1010 silly audit   react: [ '19.3.0' ],
1010 silly audit   'react-dom': [ '19.3.0' ],
1010 silly audit   '@tanstack/router-plugin': [ '1.168.38' ],
1010 silly audit   '@types/react': [ '19.3.0' ],
1010 silly audit   '@types/react-dom': [ '19.3.0' ],
1010 silly audit   '@vitejs/plugin-react': [ '5.2.0' ],
1010 silly audit   tailwindcss: [ '4.3.3' ],
1010 silly audit   typescript: [ '5.9.3' ],
1010 silly audit   '@tailwindcss/node': [ '4.3.3' ],
1010 silly audit   '@tailwindcss/oxide': [ '4.3.3' ],
1010 silly audit   '@jridgewell/remapping': [ '2.3.5' ],
1010 silly audit   'enhanced-resolve': [ '5.25.1' ],
1010 silly audit   jiti: [ '2.7.0' ],
1010 silly audit   lightningcss: [ '1.32.0', '1.33.0' ],
1010 silly audit   'magic-string': [ '0.30.21' ],
1010 silly audit   'source-map-js': [ '1.2.1' ],
1010 silly audit   '@jridgewell/gen-mapping': [ '0.3.13' ],
1010 silly audit   '@jridgewell/trace-mapping': [ '0.3.31' ],
1010 silly audit   '@jridgewell/sourcemap-codec': [ '1.6.0' ],
1010 silly audit   '@jridgewell/resolve-uri': [ '3.1.2' ],
1010 silly audit   '@tailwindcss/oxide-android-arm64': [ '4.3.3' ],
1010 silly audit   '@tailwindcss/oxide-darwin-arm64': [ '4.3.3' ],
1010 silly audit   '@tailwindcss/oxide-darwin-x64': [ '4.3.3' ],
1010 silly audit   '@tailwindcss/oxide-freebsd-x64': [ '4.3.3' ],
1010 silly audit   '@tailwindcss/oxide-linux-arm-gnueabihf': [ '4.3.3' ],
1010 silly audit   '@tailwindcss/oxide-linux-arm64-gnu': [ '4.3.3' ],
1010 silly audit   '@tailwindcss/oxide-linux-arm64-musl': [ '4.3.3' ],
1010 silly audit   '@tailwindcss/oxide-linux-x64-gnu': [ '4.3.3' ],
1010 silly audit   '@tailwindcss/oxide-linux-x64-musl': [ '4.3.3' ],
1010 silly audit   '@tailwindcss/oxide-wasm32-wasi': [ '4.3.3' ],
1010 silly audit   '@tailwindcss/oxide-win32-arm64-msvc': [ '4.3.3' ],
1010 silly audit   '@tailwindcss/oxide-win32-x64-msvc': [ '4.3.3' ],
1010 silly audit   '@tanstack/history': [ '1.162.4' ],
1010 silly audit   '@tanstack/react-store': [ '0.11.1' ],
1010 silly audit   '@tanstack/router-core': [ '1.171.30' ],
1010 silly audit   isbot: [ '5.2.2' ],
1010 silly audit   '@tanstack/store': [ '0.11.1' ],
1010 silly audit   'use-sync-external-store': [ '1.7.0' ],
1010 silly audit   'cookie-es': [ '3.1.1' ],
1010 silly audit   seroval: [ '1.6.7' ],
1010 silly audit   'seroval-plugins': [ '1.6.7' ],
1010 silly audit   '@babel/core': [ '7.29.7' ],
1010 silly audit   '@babel/template': [ '7.29.7' ],
1010 silly audit   '@babel/types': [ '7.29.8' ],
1010 silly audit   '@tanstack/router-generator': [ '1.167.36' ],
1010 silly audit   '@tanstack/router-utils': [ '1.162.3' ],
1010 silly audit   chokidar: [ '5.0.0' ],
1010 silly audit   unplugin: [ '3.3.0' ],
1010 silly audit   zod: [ '4.6.5' ],
1010 silly audit   '@babel/code-frame': [ '7.29.7' ],
1010 silly audit   '@babel/generator': [ '7.29.8' ],
1010 silly audit   '@babel/helper-compilation-targets': [ '7.29.7' ],
1010 silly audit   '@babel/helper-module-transforms': [ '7.29.7' ],
1010 silly audit   '@babel/helpers': [ '7.29.7' ],
1010 silly audit   '@babel/parser': [ '7.29.8' ],
1010 silly audit   '@babel/traverse': [ '7.29.8' ],
1010 silly audit   'convert-source-map': [ '2.0.0' ],
1010 silly audit   debug: [ '4.4.3' ],
1010 silly audit   gensync: [ '1.0.0-beta.2' ],
1010 silly audit   json5: [ '2.2.3' ],
1010 silly audit   semver: [ '6.3.1' ],
1010 silly audit   '@babel/helper-validator-identifier': [ '7.29.7' ],
1010 silly audit   'js-tokens': [ '4.0.0' ],
1010 silly audit   picocolors: [ '1.1.1' ],
1010 silly audit   jsesc: [ '3.1.0' ],
1010 silly audit   '@babel/compat-data': [ '7.29.7' ],
1010 silly audit   '@babel/helper-validator-option': [ '7.29.7' ],
1010 silly audit   browserslist: [ '4.28.9' ],
1010 silly audit   'lru-cache': [ '5.1.1' ],
1010 silly audit   '@babel/helper-module-imports': [ '7.29.7' ],
1010 silly audit   '@babel/helper-globals': [ '7.29.7' ],
1010 silly audit   '@babel/helper-string-parser': [ '7.29.7' ],
1010 silly audit   '@tanstack/virtual-file-routes': [ '1.162.0' ],
1010 silly audit   prettier: [ '3.9.6' ],
1010 silly audit   ansis: [ '4.4.0' ],
1010 silly audit   'babel-dead-code-elimination': [ '1.0.12' ],
1010 silly audit   diff: [ '8.0.4' ],
1010 silly audit   pathe: [ '2.0.3' ],
1010 silly audit   tinyglobby: [ '0.2.17' ],
1010 silly audit   csstype: [ '3.2.3' ],
1010 silly audit   '@babel/plugin-transform-react-jsx-self': [ '7.29.7' ],
1010 silly audit   '@babel/plugin-transform-react-jsx-source': [ '7.29.7' ],
1010 silly audit   '@rolldown/pluginutils': [ '1.0.0-rc.3', '1.0.1' ],
1010 silly audit   '@types/babel__core': [ '7.20.5' ],
1010 silly audit   'react-refresh': [ '0.18.0' ],
1010 silly audit   '@babel/helper-plugin-utils': [ '7.29.7' ],
1010 silly audit   '@types/babel__generator': [ '7.27.0' ],
1010 silly audit   '@types/babel__template': [ '7.4.4' ],
1010 silly audit   '@types/babel__traverse': [ '7.28.0' ],
1010 silly audit   'baseline-browser-mapping': [ '2.11.23' ],
1010 silly audit   'caniuse-lite': [ '1.0.30001810' ],
1010 silly audit   'electron-to-chromium': [ '1.5.427' ],
1010 silly audit   'node-releases': [ '2.0.55' ],
1010 silly audit   'update-browserslist-db': [ '1.3.3' ],
1010 silly audit   readdirp: [ '5.1.1' ],
1010 silly audit   ms: [ '2.1.3' ],
1010 silly audit   'graceful-fs': [ '4.2.11' ],
1010 silly audit   tapable: [ '2.3.3' ],
1010 silly audit   'detect-libc': [ '2.1.2' ],
1010 silly audit   'lightningcss-android-arm64': [ '1.32.0', '1.33.0' ],
1010 silly audit   'lightningcss-darwin-arm64': [ '1.32.0', '1.33.0' ],
1010 silly audit   'lightningcss-darwin-x64': [ '1.32.0', '1.33.0' ],
1010 silly audit   'lightningcss-freebsd-x64': [ '1.32.0', '1.33.0' ],
1010 silly audit   'lightningcss-linux-arm-gnueabihf': [ '1.32.0', '1.33.0' ],
1010 silly audit   'lightningcss-linux-arm64-gnu': [ '1.32.0', '1.33.0' ],
1010 silly audit   'lightningcss-linux-arm64-musl': [ '1.32.0', '1.33.0' ],
1010 silly audit   'lightningcss-linux-x64-gnu': [ '1.32.0', '1.33.0' ],
1010 silly audit   'lightningcss-linux-x64-musl': [ '1.32.0', '1.33.0' ],
1010 silly audit   'lightningcss-win32-arm64-msvc': [ '1.32.0', '1.33.0' ],
1010 silly audit   'lightningcss-win32-x64-msvc': [ '1.32.0', '1.33.0' ],
1010 silly audit   yallist: [ '3.1.1' ],
1010 silly audit   scheduler: [ '0.28.0' ],
1010 silly audit   fdir: [ '6.5.0' ],
1010 silly audit   picomatch: [ '4.0.7' ],
1010 silly audit   'webpack-virtual-modules': [ '0.6.2' ],
1010 silly audit   escalade: [ '3.2.0' ],
1010 silly audit   fsevents: [ '2.3.3' ],
1010 silly audit   postcss: [ '8.5.28' ],
1010 silly audit   rolldown: [ '1.2.8' ],
1010 silly audit   nanoid: [ '3.3.19' ],
1010 silly audit   '@oxc-project/types': [ '0.149.0' ],
1010 silly audit   '@rolldown/binding-android-arm-eabi': [ '1.2.8' ],
1010 silly audit   '@rolldown/binding-android-arm64': [ '1.2.8' ],
1010 silly audit   '@rolldown/binding-darwin-arm64': [ '1.2.8' ],
1010 silly audit   '@rolldown/binding-darwin-x64': [ '1.2.8' ],
1010 silly audit   '@rolldown/binding-freebsd-x64': [ '1.2.8' ],
1010 silly audit   '@rolldown/binding-linux-arm-gnueabihf': [ '1.2.8' ],
1010 silly audit   '@rolldown/binding-linux-arm64-gnu': [ '1.2.8' ],
1010 silly audit   '@rolldown/binding-linux-arm64-musl': [ '1.2.8' ],
1010 silly audit   '@rolldown/binding-linux-ppc64-gnu': [ '1.2.8' ],
1010 silly audit   '@rolldown/binding-linux-s390x-gnu': [ '1.2.8' ],
1010 silly audit   '@rolldown/binding-linux-x64-gnu': [ '1.2.8' ],
1010 silly audit   '@rolldown/binding-linux-x64-musl': [ '1.2.8' ],
1010 silly audit   '@rolldown/binding-openharmony-arm64': [ '1.2.8' ],
1010 silly audit   '@rolldown/binding-win32-arm64-msvc': [ '1.2.8' ],
1010 silly audit   '@rolldown/binding-win32-x64-msvc': [ '1.2.8' ]
1010 silly audit }
1011 http cache @oxc-project/types@https://registry.npmjs.org/@oxc-project/types/-/types-0.149.0.tgz 0ms (cache hit)
1012 http cache @rolldown/binding-linux-x64-gnu@https://registry.npmjs.org/@rolldown/binding-linux-x64-gnu/-/binding-linux-x64-gnu-1.2.8.tgz 0ms (cache hit)
1013 http cache nanoid@https://registry.npmjs.org/nanoid/-/nanoid-3.3.19.tgz 0ms (cache hit)
1014 http cache postcss@https://registry.npmjs.org/postcss/-/postcss-8.5.28.tgz 0ms (cache hit)
1015 http cache escalade@https://registry.npmjs.org/escalade/-/escalade-3.2.0.tgz 0ms (cache hit)
1016 http cache webpack-virtual-modules@https://registry.npmjs.org/webpack-virtual-modules/-/webpack-virtual-modules-0.6.2.tgz 0ms (cache hit)
1017 http cache picomatch@https://registry.npmjs.org/picomatch/-/picomatch-4.0.7.tgz 0ms (cache hit)
1018 http cache fdir@https://registry.npmjs.org/fdir/-/fdir-6.5.0.tgz 0ms (cache hit)
1019 http cache scheduler@https://registry.npmjs.org/scheduler/-/scheduler-0.28.0.tgz 0ms (cache hit)
1020 http cache yallist@https://registry.npmjs.org/yallist/-/yallist-3.1.1.tgz 0ms (cache hit)
1021 http cache detect-libc@https://registry.npmjs.org/detect-libc/-/detect-libc-2.1.2.tgz 0ms (cache hit)
1022 http cache tapable@https://registry.npmjs.org/tapable/-/tapable-2.3.3.tgz 0ms (cache hit)
1023 http cache graceful-fs@https://registry.npmjs.org/graceful-fs/-/graceful-fs-4.2.11.tgz 0ms (cache hit)
1024 http cache ms@https://registry.npmjs.org/ms/-/ms-2.1.3.tgz 0ms (cache hit)
1025 http cache readdirp@https://registry.npmjs.org/readdirp/-/readdirp-5.1.1.tgz 0ms (cache hit)
1026 http cache update-browserslist-db@https://registry.npmjs.org/update-browserslist-db/-/update-browserslist-db-1.3.3.tgz 0ms (cache hit)
1027 http cache node-releases@https://registry.npmjs.org/node-releases/-/node-releases-2.0.55.tgz 0ms (cache hit)
1028 http cache electron-to-chromium@https://registry.npmjs.org/electron-to-chromium/-/electron-to-chromium-1.5.427.tgz 0ms (cache hit)
1029 http cache caniuse-lite@https://registry.npmjs.org/caniuse-lite/-/caniuse-lite-1.0.30001810.tgz 0ms (cache hit)
1030 http cache lightningcss-linux-x64-gnu@https://registry.npmjs.org/lightningcss-linux-x64-gnu/-/lightningcss-linux-x64-gnu-1.32.0.tgz 0ms (cache hit)
1031 http cache baseline-browser-mapping@https://registry.npmjs.org/baseline-browser-mapping/-/baseline-browser-mapping-2.11.23.tgz 0ms (cache hit)
1032 http cache @types/babel__traverse@https://registry.npmjs.org/@types/babel__traverse/-/babel__traverse-7.28.0.tgz 0ms (cache hit)
1033 http cache @types/babel__template@https://registry.npmjs.org/@types/babel__template/-/babel__template-7.4.4.tgz 0ms (cache hit)
1034 http cache @types/babel__generator@https://registry.npmjs.org/@types/babel__generator/-/babel__generator-7.27.0.tgz 0ms (cache hit)
1035 http cache @babel/helper-plugin-utils@https://registry.npmjs.org/@babel/helper-plugin-utils/-/helper-plugin-utils-7.29.7.tgz 0ms (cache hit)
1036 http cache @rolldown/pluginutils@https://registry.npmjs.org/@rolldown/pluginutils/-/pluginutils-1.0.0-rc.3.tgz 0ms (cache hit)
1037 http cache rolldown@https://registry.npmjs.org/rolldown/-/rolldown-1.2.8.tgz 0ms (cache hit)
1038 http cache @babel/plugin-transform-react-jsx-source@https://registry.npmjs.org/@babel/plugin-transform-react-jsx-source/-/plugin-transform-react-jsx-source-7.29.7.tgz 0ms (cache hit)
1039 http cache csstype@https://registry.npmjs.org/csstype/-/csstype-3.2.3.tgz 0ms (cache hit)
1040 http cache @types/babel__core@https://registry.npmjs.org/@types/babel__core/-/babel__core-7.20.5.tgz 0ms (cache hit)
1041 http cache tinyglobby@https://registry.npmjs.org/tinyglobby/-/tinyglobby-0.2.17.tgz 0ms (cache hit)
1042 http cache pathe@https://registry.npmjs.org/pathe/-/pathe-2.0.3.tgz 0ms (cache hit)
1043 http cache diff@https://registry.npmjs.org/diff/-/diff-8.0.4.tgz 0ms (cache hit)
1044 http cache babel-dead-code-elimination@https://registry.npmjs.org/babel-dead-code-elimination/-/babel-dead-code-elimination-1.0.12.tgz 0ms (cache hit)
1045 http cache ansis@https://registry.npmjs.org/ansis/-/ansis-4.4.0.tgz 1ms (cache hit)
1046 http cache prettier@https://registry.npmjs.org/prettier/-/prettier-3.9.6.tgz 0ms (cache hit)
1047 http cache @tanstack/virtual-file-routes@https://registry.npmjs.org/@tanstack/virtual-file-routes/-/virtual-file-routes-1.162.0.tgz 0ms (cache hit)
1048 http cache @babel/helper-string-parser@https://registry.npmjs.org/@babel/helper-string-parser/-/helper-string-parser-7.29.7.tgz 0ms (cache hit)
1049 http cache @babel/helper-globals@https://registry.npmjs.org/@babel/helper-globals/-/helper-globals-7.29.7.tgz 0ms (cache hit)
1050 http cache @babel/helper-module-imports@https://registry.npmjs.org/@babel/helper-module-imports/-/helper-module-imports-7.29.7.tgz 0ms (cache hit)
1051 http cache react-refresh@https://registry.npmjs.org/react-refresh/-/react-refresh-0.18.0.tgz 0ms (cache hit)
1052 http cache @babel/plugin-transform-react-jsx-self@https://registry.npmjs.org/@babel/plugin-transform-react-jsx-self/-/plugin-transform-react-jsx-self-7.29.7.tgz 0ms (cache hit)
1053 http cache @babel/helper-validator-option@https://registry.npmjs.org/@babel/helper-validator-option/-/helper-validator-option-7.29.7.tgz 0ms (cache hit)
1054 http cache browserslist@https://registry.npmjs.org/browserslist/-/browserslist-4.28.9.tgz 0ms (cache hit)
1055 http cache @babel/compat-data@https://registry.npmjs.org/@babel/compat-data/-/compat-data-7.29.7.tgz 0ms (cache hit)
1056 http cache jsesc@https://registry.npmjs.org/jsesc/-/jsesc-3.1.0.tgz 0ms (cache hit)
1057 http cache picocolors@https://registry.npmjs.org/picocolors/-/picocolors-1.1.1.tgz 0ms (cache hit)
1058 http cache js-tokens@https://registry.npmjs.org/js-tokens/-/js-tokens-4.0.0.tgz 0ms (cache hit)
1059 http cache semver@https://registry.npmjs.org/semver/-/semver-6.3.1.tgz 0ms (cache hit)
1060 http cache @babel/helper-validator-identifier@https://registry.npmjs.org/@babel/helper-validator-identifier/-/helper-validator-identifier-7.29.7.tgz 0ms (cache hit)
1061 http cache json5@https://registry.npmjs.org/json5/-/json5-2.2.3.tgz 0ms (cache hit)
1062 http cache gensync@https://registry.npmjs.org/gensync/-/gensync-1.0.0-beta.2.tgz 0ms (cache hit)
1063 http cache debug@https://registry.npmjs.org/debug/-/debug-4.4.3.tgz 0ms (cache hit)
1064 http cache convert-source-map@https://registry.npmjs.org/convert-source-map/-/convert-source-map-2.0.0.tgz 0ms (cache hit)
1065 http cache @babel/traverse@https://registry.npmjs.org/@babel/traverse/-/traverse-7.29.8.tgz 0ms (cache hit)
1066 http cache @babel/helpers@https://registry.npmjs.org/@babel/helpers/-/helpers-7.29.7.tgz 0ms (cache hit)
1067 http cache lru-cache@https://registry.npmjs.org/lru-cache/-/lru-cache-5.1.1.tgz 0ms (cache hit)
1068 http cache @babel/helper-module-transforms@https://registry.npmjs.org/@babel/helper-module-transforms/-/helper-module-transforms-7.29.7.tgz 0ms (cache hit)
1069 http cache @babel/parser@https://registry.npmjs.org/@babel/parser/-/parser-7.29.8.tgz 0ms (cache hit)
1070 http cache @babel/generator@https://registry.npmjs.org/@babel/generator/-/generator-7.29.8.tgz 0ms (cache hit)
1071 http cache zod@https://registry.npmjs.org/zod/-/zod-4.6.5.tgz 0ms (cache hit)
1072 http cache @babel/code-frame@https://registry.npmjs.org/@babel/code-frame/-/code-frame-7.29.7.tgz 0ms (cache hit)
1073 http cache @tanstack/router-utils@https://registry.npmjs.org/@tanstack/router-utils/-/router-utils-1.162.3.tgz 0ms (cache hit)
1074 http cache @babel/types@https://registry.npmjs.org/@babel/types/-/types-7.29.8.tgz 0ms (cache hit)
1075 http cache unplugin@https://registry.npmjs.org/unplugin/-/unplugin-3.3.0.tgz 0ms (cache hit)
1076 http cache @babel/template@https://registry.npmjs.org/@babel/template/-/template-7.29.7.tgz 0ms (cache hit)
1077 http cache @babel/helper-compilation-targets@https://registry.npmjs.org/@babel/helper-compilation-targets/-/helper-compilation-targets-7.29.7.tgz 0ms (cache hit)
1078 http cache @babel/core@https://registry.npmjs.org/@babel/core/-/core-7.29.7.tgz 0ms (cache hit)
1079 http cache @tanstack/router-generator@https://registry.npmjs.org/@tanstack/router-generator/-/router-generator-1.167.36.tgz 0ms (cache hit)
1080 http cache seroval-plugins@https://registry.npmjs.org/seroval-plugins/-/seroval-plugins-1.6.7.tgz 0ms (cache hit)
1081 http cache seroval@https://registry.npmjs.org/seroval/-/seroval-1.6.7.tgz 0ms (cache hit)
1082 http cache cookie-es@https://registry.npmjs.org/cookie-es/-/cookie-es-3.1.1.tgz 0ms (cache hit)
1083 http cache use-sync-external-store@https://registry.npmjs.org/use-sync-external-store/-/use-sync-external-store-1.7.0.tgz 0ms (cache hit)
1084 http cache @tanstack/store@https://registry.npmjs.org/@tanstack/store/-/store-0.11.1.tgz 0ms (cache hit)
1085 http cache isbot@https://registry.npmjs.org/isbot/-/isbot-5.2.2.tgz 0ms (cache hit)
1086 http cache @tanstack/router-core@https://registry.npmjs.org/@tanstack/router-core/-/router-core-1.171.30.tgz 0ms (cache hit)
1087 http cache @tanstack/react-store@https://registry.npmjs.org/@tanstack/react-store/-/react-store-0.11.1.tgz 0ms (cache hit)
1088 http cache @tailwindcss/oxide-linux-x64-gnu@https://registry.npmjs.org/@tailwindcss/oxide-linux-x64-gnu/-/oxide-linux-x64-gnu-4.3.3.tgz 0ms (cache hit)
1089 http cache @tanstack/history@https://registry.npmjs.org/@tanstack/history/-/history-1.162.4.tgz 0ms (cache hit)
1090 http cache @jridgewell/resolve-uri@https://registry.npmjs.org/@jridgewell/resolve-uri/-/resolve-uri-3.1.2.tgz 0ms (cache hit)
1091 http cache @jridgewell/sourcemap-codec@https://registry.npmjs.org/@jridgewell/sourcemap-codec/-/sourcemap-codec-1.6.0.tgz 0ms (cache hit)
1092 http cache @jridgewell/trace-mapping@https://registry.npmjs.org/@jridgewell/trace-mapping/-/trace-mapping-0.3.31.tgz 0ms (cache hit)
1093 http cache @jridgewell/gen-mapping@https://registry.npmjs.org/@jridgewell/gen-mapping/-/gen-mapping-0.3.13.tgz 0ms (cache hit)
1094 http cache source-map-js@https://registry.npmjs.org/source-map-js/-/source-map-js-1.2.1.tgz 0ms (cache hit)
1095 http cache magic-string@https://registry.npmjs.org/magic-string/-/magic-string-0.30.21.tgz 0ms (cache hit)
1096 http cache lightningcss@https://registry.npmjs.org/lightningcss/-/lightningcss-1.32.0.tgz 0ms (cache hit)
1097 http cache jiti@https://registry.npmjs.org/jiti/-/jiti-2.7.0.tgz 0ms (cache hit)
1098 http cache enhanced-resolve@https://registry.npmjs.org/enhanced-resolve/-/enhanced-resolve-5.25.1.tgz 0ms (cache hit)
1099 http cache @jridgewell/remapping@https://registry.npmjs.org/@jridgewell/remapping/-/remapping-2.3.5.tgz 0ms (cache hit)
1100 http cache @tailwindcss/oxide@https://registry.npmjs.org/@tailwindcss/oxide/-/oxide-4.3.3.tgz 0ms (cache hit)
1101 http cache typescript@https://registry.npmjs.org/typescript/-/typescript-5.9.3.tgz 0ms (cache hit)
1102 http cache @tailwindcss/node@https://registry.npmjs.org/@tailwindcss/node/-/node-4.3.3.tgz 0ms (cache hit)
1103 http cache tailwindcss@https://registry.npmjs.org/tailwindcss/-/tailwindcss-4.3.3.tgz 0ms (cache hit)
1104 http cache @vitejs/plugin-react@https://registry.npmjs.org/@vitejs/plugin-react/-/plugin-react-5.2.0.tgz 0ms (cache hit)
1105 http cache chokidar@https://registry.npmjs.org/chokidar/-/chokidar-5.0.0.tgz 0ms (cache hit)
1106 http cache @types/react@https://registry.npmjs.org/@types/react/-/react-19.3.0.tgz 0ms (cache hit)
1107 http cache react-dom@https://registry.npmjs.org/react-dom/-/react-dom-19.3.0.tgz 0ms (cache hit)
1108 http cache @tanstack/router-plugin@https://registry.npmjs.org/@tanstack/router-plugin/-/router-plugin-1.168.38.tgz 0ms (cache hit)
1109 http cache react@https://registry.npmjs.org/react/-/react-19.3.0.tgz 0ms (cache hit)
1110 http cache @tanstack/react-router@https://registry.npmjs.org/@tanstack/react-router/-/react-router-1.170.36.tgz 0ms (cache hit)
1111 http cache vite@https://registry.npmjs.org/vite/-/vite-8.3.0.tgz 0ms (cache hit)
1112 http cache @tailwindcss/vite@https://registry.npmjs.org/@tailwindcss/vite/-/vite-4.3.3.tgz 0ms (cache hit)
1113 http cache @rolldown/pluginutils@https://registry.npmjs.org/@rolldown/pluginutils/-/pluginutils-1.0.1.tgz 0ms (cache hit)
1114 http cache lightningcss-linux-x64-gnu@https://registry.npmjs.org/lightningcss-linux-x64-gnu/-/lightningcss-linux-x64-gnu-1.33.0.tgz 0ms (cache hit)
1115 http cache lightningcss@https://registry.npmjs.org/lightningcss/-/lightningcss-1.33.0.tgz 0ms (cache hit)
1116 http cache @types/react-dom@https://registry.npmjs.org/@types/react-dom/-/react-dom-19.3.0.tgz 0ms (cache hit)
1117 silly tarball no local data for @oxc-project/types@https://registry.npmjs.org/@oxc-project/types/-/types-0.149.0.tgz. Extracting by manifest.
1118 silly tarball no local data for @rolldown/binding-linux-x64-gnu@https://registry.npmjs.org/@rolldown/binding-linux-x64-gnu/-/binding-linux-x64-gnu-1.2.8.tgz. Extracting by manifest.
1119 silly tarball no local data for nanoid@https://registry.npmjs.org/nanoid/-/nanoid-3.3.19.tgz. Extracting by manifest.
1120 silly tarball no local data for postcss@https://registry.npmjs.org/postcss/-/postcss-8.5.28.tgz. Extracting by manifest.
1121 silly tarball no local data for escalade@https://registry.npmjs.org/escalade/-/escalade-3.2.0.tgz. Extracting by manifest.
1122 silly tarball no local data for webpack-virtual-modules@https://registry.npmjs.org/webpack-virtual-modules/-/webpack-virtual-modules-0.6.2.tgz. Extracting by manifest.
1123 silly tarball no local data for picomatch@https://registry.npmjs.org/picomatch/-/picomatch-4.0.7.tgz. Extracting by manifest.
1124 silly tarball no local data for fdir@https://registry.npmjs.org/fdir/-/fdir-6.5.0.tgz. Extracting by manifest.
1125 silly tarball no local data for scheduler@https://registry.npmjs.org/scheduler/-/scheduler-0.28.0.tgz. Extracting by manifest.
1126 silly tarball no local data for yallist@https://registry.npmjs.org/yallist/-/yallist-3.1.1.tgz. Extracting by manifest.
1127 silly tarball no local data for detect-libc@https://registry.npmjs.org/detect-libc/-/detect-libc-2.1.2.tgz. Extracting by manifest.
1128 silly tarball no local data for tapable@https://registry.npmjs.org/tapable/-/tapable-2.3.3.tgz. Extracting by manifest.
1129 silly tarball no local data for graceful-fs@https://registry.npmjs.org/graceful-fs/-/graceful-fs-4.2.11.tgz. Extracting by manifest.
1130 silly tarball no local data for ms@https://registry.npmjs.org/ms/-/ms-2.1.3.tgz. Extracting by manifest.
1131 silly tarball no local data for readdirp@https://registry.npmjs.org/readdirp/-/readdirp-5.1.1.tgz. Extracting by manifest.
1132 silly tarball no local data for update-browserslist-db@https://registry.npmjs.org/update-browserslist-db/-/update-browserslist-db-1.3.3.tgz. Extracting by manifest.
1133 silly tarball no local data for node-releases@https://registry.npmjs.org/node-releases/-/node-releases-2.0.55.tgz. Extracting by manifest.
1134 silly tarball no local data for electron-to-chromium@https://registry.npmjs.org/electron-to-chromium/-/electron-to-chromium-1.5.427.tgz. Extracting by manifest.
1135 silly tarball no local data for caniuse-lite@https://registry.npmjs.org/caniuse-lite/-/caniuse-lite-1.0.30001810.tgz. Extracting by manifest.
1136 silly tarball no local data for lightningcss-linux-x64-gnu@https://registry.npmjs.org/lightningcss-linux-x64-gnu/-/lightningcss-linux-x64-gnu-1.32.0.tgz. Extracting by manifest.
1137 silly tarball no local data for baseline-browser-mapping@https://registry.npmjs.org/baseline-browser-mapping/-/baseline-browser-mapping-2.11.23.tgz. Extracting by manifest.
1138 silly tarball no local data for @types/babel__traverse@https://registry.npmjs.org/@types/babel__traverse/-/babel__traverse-7.28.0.tgz. Extracting by manifest.
1139 silly tarball no local data for @types/babel__template@https://registry.npmjs.org/@types/babel__template/-/babel__template-7.4.4.tgz. Extracting by manifest.
1140 silly tarball no local data for @types/babel__generator@https://registry.npmjs.org/@types/babel__generator/-/babel__generator-7.27.0.tgz. Extracting by manifest.
1141 silly tarball no local data for @babel/helper-plugin-utils@https://registry.npmjs.org/@babel/helper-plugin-utils/-/helper-plugin-utils-7.29.7.tgz. Extracting by manifest.
1142 silly tarball no local data for @rolldown/pluginutils@https://registry.npmjs.org/@rolldown/pluginutils/-/pluginutils-1.0.0-rc.3.tgz. Extracting by manifest.
1143 silly tarball no local data for rolldown@https://registry.npmjs.org/rolldown/-/rolldown-1.2.8.tgz. Extracting by manifest.
1144 silly tarball no local data for @babel/plugin-transform-react-jsx-source@https://registry.npmjs.org/@babel/plugin-transform-react-jsx-source/-/plugin-transform-react-jsx-source-7.29.7.tgz. Extracting by manifest.
1145 silly tarball no local data for csstype@https://registry.npmjs.org/csstype/-/csstype-3.2.3.tgz. Extracting by manifest.
1146 silly tarball no local data for @types/babel__core@https://registry.npmjs.org/@types/babel__core/-/babel__core-7.20.5.tgz. Extracting by manifest.
1147 silly tarball no local data for tinyglobby@https://registry.npmjs.org/tinyglobby/-/tinyglobby-0.2.17.tgz. Extracting by manifest.
1148 silly tarball no local data for pathe@https://registry.npmjs.org/pathe/-/pathe-2.0.3.tgz. Extracting by manifest.
1149 silly tarball no local data for diff@https://registry.npmjs.org/diff/-/diff-8.0.4.tgz. Extracting by manifest.
1150 silly tarball no local data for babel-dead-code-elimination@https://registry.npmjs.org/babel-dead-code-elimination/-/babel-dead-code-elimination-1.0.12.tgz. Extracting by manifest.
1151 silly tarball no local data for ansis@https://registry.npmjs.org/ansis/-/ansis-4.4.0.tgz. Extracting by manifest.
1152 silly tarball no local data for prettier@https://registry.npmjs.org/prettier/-/prettier-3.9.6.tgz. Extracting by manifest.
1153 silly tarball no local data for @tanstack/virtual-file-routes@https://registry.npmjs.org/@tanstack/virtual-file-routes/-/virtual-file-routes-1.162.0.tgz. Extracting by manifest.
1154 silly tarball no local data for @babel/helper-string-parser@https://registry.npmjs.org/@babel/helper-string-parser/-/helper-string-parser-7.29.7.tgz. Extracting by manifest.
1155 silly tarball no local data for @babel/helper-globals@https://registry.npmjs.org/@babel/helper-globals/-/helper-globals-7.29.7.tgz. Extracting by manifest.
1156 silly tarball no local data for @babel/helper-module-imports@https://registry.npmjs.org/@babel/helper-module-imports/-/helper-module-imports-7.29.7.tgz. Extracting by manifest.
1157 silly tarball no local data for react-refresh@https://registry.npmjs.org/react-refresh/-/react-refresh-0.18.0.tgz. Extracting by manifest.
1158 silly tarball no local data for @babel/plugin-transform-react-jsx-self@https://registry.npmjs.org/@babel/plugin-transform-react-jsx-self/-/plugin-transform-react-jsx-self-7.29.7.tgz. Extracting by manifest.
1159 silly tarball no local data for @babel/helper-validator-option@https://registry.npmjs.org/@babel/helper-validator-option/-/helper-validator-option-7.29.7.tgz. Extracting by manifest.
1160 silly tarball no local data for browserslist@https://registry.npmjs.org/browserslist/-/browserslist-4.28.9.tgz. Extracting by manifest.
1161 silly tarball no local data for @babel/compat-data@https://registry.npmjs.org/@babel/compat-data/-/compat-data-7.29.7.tgz. Extracting by manifest.
1162 silly tarball no local data for jsesc@https://registry.npmjs.org/jsesc/-/jsesc-3.1.0.tgz. Extracting by manifest.
1163 silly tarball no local data for picocolors@https://registry.npmjs.org/picocolors/-/picocolors-1.1.1.tgz. Extracting by manifest.
1164 silly tarball no local data for js-tokens@https://registry.npmjs.org/js-tokens/-/js-tokens-4.0.0.tgz. Extracting by manifest.
1165 silly tarball no local data for semver@https://registry.npmjs.org/semver/-/semver-6.3.1.tgz. Extracting by manifest.
1166 silly tarball no local data for @babel/helper-validator-identifier@https://registry.npmjs.org/@babel/helper-validator-identifier/-/helper-validator-identifier-7.29.7.tgz. Extracting by manifest.
1167 silly tarball no local data for json5@https://registry.npmjs.org/json5/-/json5-2.2.3.tgz. Extracting by manifest.
1168 silly tarball no local data for gensync@https://registry.npmjs.org/gensync/-/gensync-1.0.0-beta.2.tgz. Extracting by manifest.
1169 silly tarball no local data for debug@https://registry.npmjs.org/debug/-/debug-4.4.3.tgz. Extracting by manifest.
1170 silly tarball no local data for convert-source-map@https://registry.npmjs.org/convert-source-map/-/convert-source-map-2.0.0.tgz. Extracting by manifest.
1171 silly tarball no local data for @babel/traverse@https://registry.npmjs.org/@babel/traverse/-/traverse-7.29.8.tgz. Extracting by manifest.
1172 silly tarball no local data for @babel/helpers@https://registry.npmjs.org/@babel/helpers/-/helpers-7.29.7.tgz. Extracting by manifest.
1173 silly tarball no local data for lru-cache@https://registry.npmjs.org/lru-cache/-/lru-cache-5.1.1.tgz. Extracting by manifest.
1174 silly tarball no local data for @babel/helper-module-transforms@https://registry.npmjs.org/@babel/helper-module-transforms/-/helper-module-transforms-7.29.7.tgz. Extracting by manifest.
1175 silly tarball no local data for @babel/parser@https://registry.npmjs.org/@babel/parser/-/parser-7.29.8.tgz. Extracting by manifest.
1176 silly tarball no local data for @babel/generator@https://registry.npmjs.org/@babel/generator/-/generator-7.29.8.tgz. Extracting by manifest.
1177 silly tarball no local data for zod@https://registry.npmjs.org/zod/-/zod-4.6.5.tgz. Extracting by manifest.
1178 silly tarball no local data for @babel/code-frame@https://registry.npmjs.org/@babel/code-frame/-/code-frame-7.29.7.tgz. Extracting by manifest.
1179 silly tarball no local data for @tanstack/router-utils@https://registry.npmjs.org/@tanstack/router-utils/-/router-utils-1.162.3.tgz. Extracting by manifest.
1180 silly tarball no local data for @babel/types@https://registry.npmjs.org/@babel/types/-/types-7.29.8.tgz. Extracting by manifest.
1181 silly tarball no local data for unplugin@https://registry.npmjs.org/unplugin/-/unplugin-3.3.0.tgz. Extracting by manifest.
1182 silly tarball no local data for @babel/template@https://registry.npmjs.org/@babel/template/-/template-7.29.7.tgz. Extracting by manifest.
1183 silly tarball no local data for @babel/helper-compilation-targets@https://registry.npmjs.org/@babel/helper-compilation-targets/-/helper-compilation-targets-7.29.7.tgz. Extracting by manifest.
1184 silly tarball no local data for @babel/core@https://registry.npmjs.org/@babel/core/-/core-7.29.7.tgz. Extracting by manifest.
1185 silly tarball no local data for @tanstack/router-generator@https://registry.npmjs.org/@tanstack/router-generator/-/router-generator-1.167.36.tgz. Extracting by manifest.
1186 silly tarball no local data for seroval-plugins@https://registry.npmjs.org/seroval-plugins/-/seroval-plugins-1.6.7.tgz. Extracting by manifest.
1187 silly tarball no local data for seroval@https://registry.npmjs.org/seroval/-/seroval-1.6.7.tgz. Extracting by manifest.
1188 silly tarball no local data for cookie-es@https://registry.npmjs.org/cookie-es/-/cookie-es-3.1.1.tgz. Extracting by manifest.
1189 silly tarball no local data for use-sync-external-store@https://registry.npmjs.org/use-sync-external-store/-/use-sync-external-store-1.7.0.tgz. Extracting by manifest.
1190 silly tarball no local data for @tanstack/store@https://registry.npmjs.org/@tanstack/store/-/store-0.11.1.tgz. Extracting by manifest.
1191 silly tarball no local data for isbot@https://registry.npmjs.org/isbot/-/isbot-5.2.2.tgz. Extracting by manifest.
1192 silly tarball no local data for @tanstack/router-core@https://registry.npmjs.org/@tanstack/router-core/-/router-core-1.171.30.tgz. Extracting by manifest.
1193 silly tarball no local data for @tanstack/react-store@https://registry.npmjs.org/@tanstack/react-store/-/react-store-0.11.1.tgz. Extracting by manifest.
1194 silly tarball no local data for @tailwindcss/oxide-linux-x64-gnu@https://registry.npmjs.org/@tailwindcss/oxide-linux-x64-gnu/-/oxide-linux-x64-gnu-4.3.3.tgz. Extracting by manifest.
1195 silly tarball no local data for @tanstack/history@https://registry.npmjs.org/@tanstack/history/-/history-1.162.4.tgz. Extracting by manifest.
1196 silly tarball no local data for @jridgewell/resolve-uri@https://registry.npmjs.org/@jridgewell/resolve-uri/-/resolve-uri-3.1.2.tgz. Extracting by manifest.
1197 silly tarball no local data for @jridgewell/sourcemap-codec@https://registry.npmjs.org/@jridgewell/sourcemap-codec/-/sourcemap-codec-1.6.0.tgz. Extracting by manifest.
1198 silly tarball no local data for @jridgewell/trace-mapping@https://registry.npmjs.org/@jridgewell/trace-mapping/-/trace-mapping-0.3.31.tgz. Extracting by manifest.
1199 silly tarball no local data for @jridgewell/gen-mapping@https://registry.npmjs.org/@jridgewell/gen-mapping/-/gen-mapping-0.3.13.tgz. Extracting by manifest.
1200 silly tarball no local data for source-map-js@https://registry.npmjs.org/source-map-js/-/source-map-js-1.2.1.tgz. Extracting by manifest.
1201 silly tarball no local data for magic-string@https://registry.npmjs.org/magic-string/-/magic-string-0.30.21.tgz. Extracting by manifest.
1202 silly tarball no local data for lightningcss@https://registry.npmjs.org/lightningcss/-/lightningcss-1.32.0.tgz. Extracting by manifest.
1203 silly tarball no local data for jiti@https://registry.npmjs.org/jiti/-/jiti-2.7.0.tgz. Extracting by manifest.
1204 silly tarball no local data for enhanced-resolve@https://registry.npmjs.org/enhanced-resolve/-/enhanced-resolve-5.25.1.tgz. Extracting by manifest.
1205 silly tarball no local data for @jridgewell/remapping@https://registry.npmjs.org/@jridgewell/remapping/-/remapping-2.3.5.tgz. Extracting by manifest.
1206 silly tarball no local data for typescript@https://registry.npmjs.org/typescript/-/typescript-5.9.3.tgz. Extracting by manifest.
1207 silly tarball no local data for @tailwindcss/oxide@https://registry.npmjs.org/@tailwindcss/oxide/-/oxide-4.3.3.tgz. Extracting by manifest.
1208 silly tarball no local data for @tailwindcss/node@https://registry.npmjs.org/@tailwindcss/node/-/node-4.3.3.tgz. Extracting by manifest.
1209 silly tarball no local data for tailwindcss@https://registry.npmjs.org/tailwindcss/-/tailwindcss-4.3.3.tgz. Extracting by manifest.
1210 silly tarball no local data for @vitejs/plugin-react@https://registry.npmjs.org/@vitejs/plugin-react/-/plugin-react-5.2.0.tgz. Extracting by manifest.
1211 silly tarball no local data for chokidar@https://registry.npmjs.org/chokidar/-/chokidar-5.0.0.tgz. Extracting by manifest.
1212 silly tarball no local data for @types/react@https://registry.npmjs.org/@types/react/-/react-19.3.0.tgz. Extracting by manifest.
1213 silly tarball no local data for react-dom@https://registry.npmjs.org/react-dom/-/react-dom-19.3.0.tgz. Extracting by manifest.
1214 silly tarball no local data for @tanstack/router-plugin@https://registry.npmjs.org/@tanstack/router-plugin/-/router-plugin-1.168.38.tgz. Extracting by manifest.
1215 silly tarball no local data for react@https://registry.npmjs.org/react/-/react-19.3.0.tgz. Extracting by manifest.
1216 silly tarball no local data for @tanstack/react-router@https://registry.npmjs.org/@tanstack/react-router/-/react-router-1.170.36.tgz. Extracting by manifest.
1217 silly tarball no local data for vite@https://registry.npmjs.org/vite/-/vite-8.3.0.tgz. Extracting by manifest.
1218 silly tarball no local data for @tailwindcss/vite@https://registry.npmjs.org/@tailwindcss/vite/-/vite-4.3.3.tgz. Extracting by manifest.
1219 silly tarball no local data for @rolldown/pluginutils@https://registry.npmjs.org/@rolldown/pluginutils/-/pluginutils-1.0.1.tgz. Extracting by manifest.
1220 silly tarball no local data for lightningcss-linux-x64-gnu@https://registry.npmjs.org/lightningcss-linux-x64-gnu/-/lightningcss-linux-x64-gnu-1.33.0.tgz. Extracting by manifest.
1221 silly tarball no local data for lightningcss@https://registry.npmjs.org/lightningcss/-/lightningcss-1.33.0.tgz. Extracting by manifest.
1222 silly tarball no local data for @types/react-dom@https://registry.npmjs.org/@types/react-dom/-/react-dom-19.3.0.tgz. Extracting by manifest.
1223 http fetch POST 200 https://registry.npmjs.org/-/npm/v1/security/advisories/bulk 413ms
1224 silly audit report {}
1225 http fetch GET 200 https://registry.npmjs.org/update-browserslist-db/-/update-browserslist-db-1.3.3.tgz 1367ms (cache miss)
1226 http fetch GET 200 https://registry.npmjs.org/escalade/-/escalade-3.2.0.tgz 1385ms (cache miss)
1227 http fetch GET 200 https://registry.npmjs.org/readdirp/-/readdirp-5.1.1.tgz 1380ms (cache miss)
1228 http fetch GET 200 https://registry.npmjs.org/node-releases/-/node-releases-2.0.55.tgz 1387ms (cache miss)
1229 http fetch GET 200 https://registry.npmjs.org/@babel/helper-plugin-utils/-/helper-plugin-utils-7.29.7.tgz 1383ms (cache miss)
1230 http fetch GET 200 https://registry.npmjs.org/nanoid/-/nanoid-3.3.19.tgz 1407ms (cache miss)
1231 http fetch GET 200 https://registry.npmjs.org/@oxc-project/types/-/types-0.149.0.tgz 1426ms (cache miss)
1232 http fetch GET 200 https://registry.npmjs.org/@rolldown/pluginutils/-/pluginutils-1.0.0-rc.3.tgz 1413ms (cache miss)
1233 http fetch GET 200 https://registry.npmjs.org/@types/babel__traverse/-/babel__traverse-7.28.0.tgz 1428ms (cache miss)
1234 http fetch GET 200 https://registry.npmjs.org/ms/-/ms-2.1.3.tgz 1434ms (cache miss)
1235 http fetch GET 200 https://registry.npmjs.org/@types/babel__template/-/babel__template-7.4.4.tgz 1430ms (cache miss)
1236 http fetch GET 200 https://registry.npmjs.org/ansis/-/ansis-4.4.0.tgz 1424ms (cache miss)
1237 http fetch GET 200 https://registry.npmjs.org/@babel/plugin-transform-react-jsx-source/-/plugin-transform-react-jsx-source-7.29.7.tgz 1438ms (cache miss)
1238 http fetch GET 200 https://registry.npmjs.org/@babel/plugin-transform-react-jsx-self/-/plugin-transform-react-jsx-self-7.29.7.tgz 1429ms (cache miss)
1239 http fetch GET 200 https://registry.npmjs.org/@types/babel__generator/-/babel__generator-7.27.0.tgz 1461ms (cache miss)
1240 http fetch GET 200 https://registry.npmjs.org/@tanstack/virtual-file-routes/-/virtual-file-routes-1.162.0.tgz 1454ms (cache miss)
1241 http fetch GET 200 https://registry.npmjs.org/@babel/helper-validator-option/-/helper-validator-option-7.29.7.tgz 1489ms (cache miss)
1242 http fetch GET 200 https://registry.npmjs.org/graceful-fs/-/graceful-fs-4.2.11.tgz 1521ms (cache miss)
1243 http fetch GET 200 https://registry.npmjs.org/browserslist/-/browserslist-4.28.9.tgz 1514ms (cache miss)
1244 http fetch GET 200 https://registry.npmjs.org/convert-source-map/-/convert-source-map-2.0.0.tgz 1508ms (cache miss)
1245 http fetch GET 200 https://registry.npmjs.org/js-tokens/-/js-tokens-4.0.0.tgz 1514ms (cache miss)
1246 http fetch GET 200 https://registry.npmjs.org/gensync/-/gensync-1.0.0-beta.2.tgz 1511ms (cache miss)
1247 http fetch GET 200 https://registry.npmjs.org/debug/-/debug-4.4.3.tgz 1511ms (cache miss)
1248 http fetch GET 200 https://registry.npmjs.org/webpack-virtual-modules/-/webpack-virtual-modules-0.6.2.tgz 1600ms (cache miss)
1249 http fetch GET 200 https://registry.npmjs.org/jsesc/-/jsesc-3.1.0.tgz 1581ms (cache miss)
1250 http fetch GET 200 https://registry.npmjs.org/babel-dead-code-elimination/-/babel-dead-code-elimination-1.0.12.tgz 1599ms (cache miss)
1251 http fetch GET 200 https://registry.npmjs.org/@babel/helper-string-parser/-/helper-string-parser-7.29.7.tgz 1597ms (cache miss)
1252 http fetch GET 200 https://registry.npmjs.org/@babel/helper-globals/-/helper-globals-7.29.7.tgz 1600ms (cache miss)
1253 http fetch GET 200 https://registry.npmjs.org/@babel/code-frame/-/code-frame-7.29.7.tgz 1577ms (cache miss)
1254 http fetch GET 200 https://registry.npmjs.org/use-sync-external-store/-/use-sync-external-store-1.7.0.tgz 1561ms (cache miss)
1255 http fetch GET 200 https://registry.npmjs.org/baseline-browser-mapping/-/baseline-browser-mapping-2.11.23.tgz 1617ms (cache miss)
1256 http fetch GET 200 https://registry.npmjs.org/electron-to-chromium/-/electron-to-chromium-1.5.427.tgz 1619ms (cache miss)
1257 http fetch GET 200 https://registry.npmjs.org/tinyglobby/-/tinyglobby-0.2.17.tgz 1613ms (cache miss)
1258 http fetch GET 200 https://registry.npmjs.org/yallist/-/yallist-3.1.1.tgz 1628ms (cache miss)
1259 http fetch GET 200 https://registry.npmjs.org/picocolors/-/picocolors-1.1.1.tgz 1603ms (cache miss)
1260 http fetch GET 200 https://registry.npmjs.org/@types/babel__core/-/babel__core-7.20.5.tgz 1651ms (cache miss)
1261 http fetch GET 200 https://registry.npmjs.org/semver/-/semver-6.3.1.tgz 1642ms (cache miss)
1262 http fetch GET 200 https://registry.npmjs.org/isbot/-/isbot-5.2.2.tgz 1614ms (cache miss)
1263 http fetch GET 200 https://registry.npmjs.org/lru-cache/-/lru-cache-5.1.1.tgz 1656ms (cache miss)
1264 http fetch GET 200 https://registry.npmjs.org/@tanstack/react-store/-/react-store-0.11.1.tgz 1622ms (cache miss)
1265 http fetch GET 200 https://registry.npmjs.org/chokidar/-/chokidar-5.0.0.tgz 1609ms (cache miss)
1266 http fetch GET 200 https://registry.npmjs.org/cookie-es/-/cookie-es-3.1.1.tgz 1641ms (cache miss)
1267 http fetch GET 200 https://registry.npmjs.org/@jridgewell/resolve-uri/-/resolve-uri-3.1.2.tgz 1636ms (cache miss)
1268 http fetch GET 200 https://registry.npmjs.org/@tailwindcss/oxide/-/oxide-4.3.3.tgz 1632ms (cache miss)
1269 http fetch GET 200 https://registry.npmjs.org/@jridgewell/remapping/-/remapping-2.3.5.tgz 1634ms (cache miss)
1270 http fetch GET 200 https://registry.npmjs.org/@rolldown/pluginutils/-/pluginutils-1.0.1.tgz 1629ms (cache miss)
1271 http fetch GET 200 https://registry.npmjs.org/fdir/-/fdir-6.5.0.tgz 1733ms (cache miss)
1272 http fetch GET 200 https://registry.npmjs.org/@vitejs/plugin-react/-/plugin-react-5.2.0.tgz 1645ms (cache miss)
1273 http fetch GET 200 https://registry.npmjs.org/@types/react-dom/-/react-dom-19.3.0.tgz 1635ms (cache miss)
1274 http fetch GET 200 https://registry.npmjs.org/@babel/compat-data/-/compat-data-7.29.7.tgz 1716ms (cache miss)
1275 http fetch GET 200 https://registry.npmjs.org/@tailwindcss/vite/-/vite-4.3.3.tgz 1643ms (cache miss)
1276 http fetch GET 200 https://registry.npmjs.org/react-refresh/-/react-refresh-0.18.0.tgz 1733ms (cache miss)
1277 http fetch GET 200 https://registry.npmjs.org/detect-libc/-/detect-libc-2.1.2.tgz 1787ms (cache miss)
1278 http fetch GET 200 https://registry.npmjs.org/scheduler/-/scheduler-0.28.0.tgz 1803ms (cache miss)
1279 http fetch GET 200 https://registry.npmjs.org/@tailwindcss/node/-/node-4.3.3.tgz 1733ms (cache miss)
1280 http fetch GET 200 https://registry.npmjs.org/@babel/helper-validator-identifier/-/helper-validator-identifier-7.29.7.tgz 1797ms (cache miss)
1281 http fetch GET 200 https://registry.npmjs.org/@tanstack/history/-/history-1.162.4.tgz 1770ms (cache miss)
1282 http fetch GET 200 https://registry.npmjs.org/@babel/helper-module-imports/-/helper-module-imports-7.29.7.tgz 1830ms (cache miss)
1283 http fetch GET 200 https://registry.npmjs.org/picomatch/-/picomatch-4.0.7.tgz 1875ms (cache miss)
1284 http fetch GET 200 https://registry.npmjs.org/pathe/-/pathe-2.0.3.tgz 1906ms (cache miss)
1285 http fetch GET 200 https://registry.npmjs.org/@babel/helper-compilation-targets/-/helper-compilation-targets-7.29.7.tgz 1917ms (cache miss)
1286 http fetch GET 200 https://registry.npmjs.org/@babel/helper-module-transforms/-/helper-module-transforms-7.29.7.tgz 1956ms (cache miss)
1287 http fetch GET 200 https://registry.npmjs.org/@babel/template/-/template-7.29.7.tgz 1979ms (cache miss)
1288 http fetch GET 200 https://registry.npmjs.org/@types/react/-/react-19.3.0.tgz 1944ms (cache miss)
1289 http fetch GET 200 https://registry.npmjs.org/source-map-js/-/source-map-js-1.2.1.tgz 1972ms (cache miss)
1290 http fetch GET 200 https://registry.npmjs.org/magic-string/-/magic-string-0.30.21.tgz 2017ms (cache miss)
1291 http fetch GET 200 https://registry.npmjs.org/seroval/-/seroval-1.6.7.tgz 2053ms (cache miss)
1292 http fetch GET 200 https://registry.npmjs.org/tapable/-/tapable-2.3.3.tgz 2113ms (cache miss)
1293 http fetch GET 200 https://registry.npmjs.org/lightningcss/-/lightningcss-1.32.0.tgz 2078ms (cache miss)
1294 http fetch GET 200 https://registry.npmjs.org/lightningcss/-/lightningcss-1.33.0.tgz 2098ms (cache miss)
1295 http fetch GET 200 https://registry.npmjs.org/unplugin/-/unplugin-3.3.0.tgz 2166ms (cache miss)
1296 http fetch GET 200 https://registry.npmjs.org/react/-/react-19.3.0.tgz 2161ms (cache miss)
1297 http fetch GET 200 https://registry.npmjs.org/json5/-/json5-2.2.3.tgz 2252ms (cache miss)
1298 http fetch GET 200 https://registry.npmjs.org/@jridgewell/sourcemap-codec/-/sourcemap-codec-1.6.0.tgz 2291ms (cache miss)
1299 http fetch GET 200 https://registry.npmjs.org/@jridgewell/gen-mapping/-/gen-mapping-0.3.13.tgz 2309ms (cache miss)
1300 http fetch GET 200 https://registry.npmjs.org/csstype/-/csstype-3.2.3.tgz 2432ms (cache miss)
1301 http fetch GET 200 https://registry.npmjs.org/seroval-plugins/-/seroval-plugins-1.6.7.tgz 2395ms (cache miss)
1302 http fetch GET 200 https://registry.npmjs.org/@tanstack/store/-/store-0.11.1.tgz 2427ms (cache miss)
1303 http fetch GET 200 https://registry.npmjs.org/@babel/parser/-/parser-7.29.8.tgz 2591ms (cache miss)
1304 http fetch GET 200 https://registry.npmjs.org/tailwindcss/-/tailwindcss-4.3.3.tgz 2597ms (cache miss)
1305 http fetch GET 200 https://registry.npmjs.org/@jridgewell/trace-mapping/-/trace-mapping-0.3.31.tgz 2670ms (cache miss)
1306 http fetch GET 200 https://registry.npmjs.org/jiti/-/jiti-2.7.0.tgz 2663ms (cache miss)
1307 http fetch GET 200 https://registry.npmjs.org/postcss/-/postcss-8.5.28.tgz 2781ms (cache miss)
1308 http fetch GET 200 https://registry.npmjs.org/@tanstack/router-utils/-/router-utils-1.162.3.tgz 2915ms (cache miss)
1309 http fetch GET 200 https://registry.npmjs.org/@tailwindcss/oxide-linux-x64-gnu/-/oxide-linux-x64-gnu-4.3.3.tgz 2904ms (cache miss)
1310 http fetch GET 200 https://registry.npmjs.org/enhanced-resolve/-/enhanced-resolve-5.25.1.tgz 2892ms (cache miss)
1311 http fetch GET 200 https://registry.npmjs.org/@babel/generator/-/generator-7.29.8.tgz 2961ms (cache miss)
1312 http fetch GET 200 https://registry.npmjs.org/rolldown/-/rolldown-1.2.8.tgz 3002ms (cache miss)
1313 http fetch GET 200 https://registry.npmjs.org/vite/-/vite-8.3.0.tgz 3029ms (cache miss)
1314 http fetch GET 200 https://registry.npmjs.org/@babel/traverse/-/traverse-7.29.8.tgz 3220ms (cache miss)
1315 http fetch GET 200 https://registry.npmjs.org/react-dom/-/react-dom-19.3.0.tgz 3590ms (cache miss)
1316 http fetch GET 200 https://registry.npmjs.org/diff/-/diff-8.0.4.tgz 3732ms (cache miss)
1317 http fetch GET 200 https://registry.npmjs.org/@tanstack/router-generator/-/router-generator-1.167.36.tgz 3731ms (cache miss)
1318 http fetch GET 200 https://registry.npmjs.org/lightningcss-linux-x64-gnu/-/lightningcss-linux-x64-gnu-1.32.0.tgz 3795ms (cache miss)
1319 http fetch GET 200 https://registry.npmjs.org/@babel/core/-/core-7.29.7.tgz 3748ms (cache miss)
1320 http fetch GET 200 https://registry.npmjs.org/lightningcss-linux-x64-gnu/-/lightningcss-linux-x64-gnu-1.33.0.tgz 3712ms (cache miss)
1321 http fetch GET 200 https://registry.npmjs.org/prettier/-/prettier-3.9.6.tgz 3945ms (cache miss)
1322 http fetch GET 200 https://registry.npmjs.org/@babel/types/-/types-7.29.8.tgz 4129ms (cache miss)
1323 http fetch GET 200 https://registry.npmjs.org/@babel/helpers/-/helpers-7.29.7.tgz 4419ms (cache miss)
1324 http fetch GET 200 https://registry.npmjs.org/@tanstack/router-plugin/-/router-plugin-1.168.38.tgz 4387ms (cache miss)
1325 http fetch GET 200 https://registry.npmjs.org/@rolldown/binding-linux-x64-gnu/-/binding-linux-x64-gnu-1.2.8.tgz 4514ms (cache miss)
1326 http fetch GET 200 https://registry.npmjs.org/@tanstack/react-router/-/react-router-1.170.36.tgz 4614ms (cache miss)
1327 http fetch GET 200 https://registry.npmjs.org/typescript/-/typescript-5.9.3.tgz 4684ms (cache miss)
1328 http fetch GET 200 https://registry.npmjs.org/@tanstack/router-core/-/router-core-1.171.30.tgz 4795ms (cache miss)
1329 http fetch GET 200 https://registry.npmjs.org/caniuse-lite/-/caniuse-lite-1.0.30001810.tgz 5843ms (cache miss)
1330 http fetch GET 200 https://registry.npmjs.org/zod/-/zod-4.6.5.tgz 6422ms (cache miss)
1331 silly ADD node_modules/@rolldown/binding-linux-x64-gnu
1332 silly ADD node_modules/@oxc-project/types
1333 silly ADD node_modules/nanoid
1334 silly ADD node_modules/rolldown
1335 silly ADD node_modules/rolldown/node_modules/@rolldown/pluginutils
1336 silly ADD node_modules/postcss
1337 silly ADD node_modules/escalade
1338 silly ADD node_modules/webpack-virtual-modules
1339 silly ADD node_modules/picomatch
1340 silly ADD node_modules/fdir
1341 silly ADD node_modules/scheduler
1342 silly ADD node_modules/yallist
1343 silly ADD node_modules/lightningcss-linux-x64-gnu
1344 silly ADD node_modules/detect-libc
1345 silly ADD node_modules/tapable
1346 silly ADD node_modules/graceful-fs
1347 silly ADD node_modules/ms
1348 silly ADD node_modules/readdirp
1349 silly ADD node_modules/update-browserslist-db
1350 silly ADD node_modules/node-releases
1351 silly ADD node_modules/electron-to-chromium
1352 silly ADD node_modules/caniuse-lite
1353 silly ADD node_modules/baseline-browser-mapping
1354 silly ADD node_modules/@types/babel__traverse
1355 silly ADD node_modules/@types/babel__template
1356 silly ADD node_modules/@types/babel__generator
1357 silly ADD node_modules/@babel/helper-plugin-utils
1358 silly ADD node_modules/react-refresh
1359 silly ADD node_modules/@types/babel__core
1360 silly ADD node_modules/@rolldown/pluginutils
1361 silly ADD node_modules/@babel/plugin-transform-react-jsx-source
1362 silly ADD node_modules/@babel/plugin-transform-react-jsx-self
1363 silly ADD node_modules/csstype
1364 silly ADD node_modules/tinyglobby
1365 silly ADD node_modules/pathe
1366 silly ADD node_modules/diff
1367 silly ADD node_modules/babel-dead-code-elimination
1368 silly ADD node_modules/ansis
1369 silly ADD node_modules/prettier
1370 silly ADD node_modules/@tanstack/virtual-file-routes
1371 silly ADD node_modules/@babel/helper-string-parser
1372 silly ADD node_modules/@babel/helper-globals
1373 silly ADD node_modules/@babel/helper-module-imports
1374 silly ADD node_modules/lru-cache
1375 silly ADD node_modules/browserslist
1376 silly ADD node_modules/@babel/helper-validator-option
1377 silly ADD node_modules/@babel/compat-data
1378 silly ADD node_modules/jsesc
1379 silly ADD node_modules/picocolors
1380 silly ADD node_modules/js-tokens
1381 silly ADD node_modules/@babel/helper-validator-identifier
1382 silly ADD node_modules/semver
1383 silly ADD node_modules/json5
1384 silly ADD node_modules/gensync
1385 silly ADD node_modules/debug
1386 silly ADD node_modules/convert-source-map
1387 silly ADD node_modules/@babel/traverse
1388 silly ADD node_modules/@babel/parser
1389 silly ADD node_modules/@babel/helpers
1390 silly ADD node_modules/@babel/helper-module-transforms
1391 silly ADD node_modules/@babel/helper-compilation-targets
1392 silly ADD node_modules/@babel/generator
1393 silly ADD node_modules/@babel/code-frame
1394 silly ADD node_modules/zod
1395 silly ADD node_modules/unplugin
1396 silly ADD node_modules/chokidar
1397 silly ADD node_modules/@tanstack/router-utils
1398 silly ADD node_modules/@tanstack/router-generator
1399 silly ADD node_modules/@babel/types
1400 silly ADD node_modules/@babel/template
1401 silly ADD node_modules/@babel/core
1402 silly ADD node_modules/seroval-plugins
1403 silly ADD node_modules/seroval
1404 silly ADD node_modules/cookie-es
1405 silly ADD node_modules/use-sync-external-store
1406 silly ADD node_modules/@tanstack/store
1407 silly ADD node_modules/isbot
1408 silly ADD node_modules/@tanstack/router-core
1409 silly ADD node_modules/@tanstack/react-store
1410 silly ADD node_modules/@tanstack/history
1411 silly ADD node_modules/@tailwindcss/oxide-linux-x64-gnu
1412 silly ADD node_modules/@jridgewell/resolve-uri
1413 silly ADD node_modules/@jridgewell/sourcemap-codec
1414 silly ADD node_modules/@jridgewell/trace-mapping
1415 silly ADD node_modules/@jridgewell/gen-mapping
1416 silly ADD node_modules/source-map-js
1417 silly ADD node_modules/magic-string
1418 silly ADD node_modules/lightningcss
1419 silly ADD node_modules/jiti
1420 silly ADD node_modules/enhanced-resolve
1421 silly ADD node_modules/@jridgewell/remapping
1422 silly ADD node_modules/@tailwindcss/oxide
1423 silly ADD node_modules/@tailwindcss/node
1424 silly ADD node_modules/typescript
1425 silly ADD node_modules/tailwindcss
1426 silly ADD node_modules/@vitejs/plugin-react
1427 silly ADD node_modules/@types/react-dom
1428 silly ADD node_modules/@types/react
1429 silly ADD node_modules/@tanstack/router-plugin
1430 silly ADD node_modules/react-dom
1431 silly ADD node_modules/react
1432 silly ADD node_modules/@tanstack/react-router
1433 silly ADD node_modules/vite
1434 silly ADD node_modules/vite/node_modules/lightningcss-linux-x64-gnu
1435 silly ADD node_modules/vite/node_modules/lightningcss
1436 silly ADD node_modules/@tailwindcss/vite
1437 verbose cwd /home/sprite
1438 verbose os Linux 6.12.105-fly
1439 verbose node v24.18.0
1440 verbose npm  v12.0.2
1441 verbose exit 0
1442 info ok
